target,model,RMSE_mean,RMSE_std,MAE_mean,MAE_std,MBE_mean,MBE_std,skill_mean,skill_std
ghi,sp,86.3339,21.3646,49.6006,14.2952,-3.5033,3.1024,0.0000,0.0000
ghi,ols_endo,78.1053,15.4401,46.7620,9.8487,-11.9211,11.3495,0.0849,0.0506
ghi,ridge_endo,78.0905,15.4631,46.7599,9.8604,-11.9713,11.3779,0.0852,0.0502
ghi,lasso_endo,78.0390,15.5286,46.6934,9.9515,-12.1629,11.4763,0.0860,0.0491
ghi,ols_exo,78.2163,17.2139,47.9766,9.6250,-15.9565,9.4509,0.0886,0.0279
ghi,ridge_exo,76.9056,16.9369,47.5436,9.5214,-16.7713,9.5144,0.1039,0.0282
ghi,lasso_exo,74.9699,16.7725,46.9917,9.4009,-18.0035,9.6529,0.1271,0.0243
dni,sp,179.9095,42.9336,101.7876,28.0299,-4.0702,3.3819,0.0000,0.0000
dni,ols_endo,180.7140,38.9578,122.1123,26.9443,-28.4170,28.5080,-0.0103,0.0308
dni,ridge_endo,180.7190,38.9906,122.1445,26.9437,-28.4561,28.5215,-0.0103,0.0305
dni,lasso_endo,180.7721,39.0780,122.1369,26.9403,-28.7595,28.7082,-0.0104,0.0300
dni,ols_exo,180.9661,42.9142,123.7415,28.5947,-32.5770,28.3765,-0.0065,0.0104
dni,ridge_exo,179.0099,42.7930,122.3721,28.5909,-34.0065,28.5484,0.0047,0.0115
dni,lasso_exo,175.2483,41.9401,120.1548,28.1466,-37.8745,28.9457,0.0256,0.0129
