target,horizon,model,fit_split,eval_split,n_fit,n,RMSE,MAE,MBE,skill
ghi,30min,sp,models_train,validation,5090,2908,55.1238,28.5954,0.5246,0.0000
ghi,30min,ols_endo,models_train,validation,5090,2908,54.4543,32.0008,4.5334,0.0121
ghi,30min,ridge_endo,models_train,validation,5090,2908,54.3985,31.9741,4.5282,0.0132
ghi,30min,lasso_endo,models_train,validation,5090,2908,54.2223,31.7174,4.5233,0.0164
ghi,30min,ols_exo,models_train,validation,5090,2908,51.8787,33.0171,-1.3887,0.0589
ghi,30min,ridge_exo,models_train,validation,5090,2908,51.1429,32.8453,-2.1457,0.0722
ghi,30min,lasso_exo,models_train,validation,5090,2908,49.7373,32.5171,-2.9736,0.0977
ghi,60min,sp,models_train,validation,5090,2764,70.0039,38.6322,-0.3241,0.0000
ghi,60min,ols_endo,models_train,validation,5090,2764,66.4535,39.1521,-2.3604,0.0507
ghi,60min,ridge_endo,models_train,validation,5090,2764,66.4261,39.1454,-2.3872,0.0511
ghi,60min,lasso_endo,models_train,validation,5090,2764,66.3681,39.0643,-2.4972,0.0519
ghi,60min,ols_exo,models_train,validation,5090,2764,65.3196,40.8110,-8.0565,0.0669
ghi,60min,ridge_exo,models_train,validation,5090,2764,63.6446,40.1854,-8.8759,0.0908
ghi,60min,lasso_exo,models_train,validation,5090,2764,61.7145,39.7952,-10.3385,0.1184
ghi,90min,sp,models_train,validation,5090,2618,83.4044,47.7811,-3.2395,0.0000
ghi,90min,ols_endo,models_train,validation,5090,2618,77.3405,45.5554,-11.0106,0.0727
ghi,90min,ridge_endo,models_train,validation,5090,2618,77.3276,45.5581,-11.0605,0.0729
ghi,90min,lasso_endo,models_train,validation,5090,2618,77.2586,45.5008,-11.3403,0.0737
ghi,90min,ols_exo,models_train,validation,5090,2618,77.1254,47.6418,-16.7656,0.0753
ghi,90min,ridge_exo,models_train,validation,5090,2618,76.2314,47.2964,-17.4020,0.0860
ghi,90min,lasso_exo,models_train,validation,5090,2618,73.8012,46.4278,-18.3732,0.1151
ghi,120min,sp,models_train,validation,5090,2476,93.7688,54.8301,-4.7443,0.0000
ghi,120min,ols_endo,models_train,validation,5090,2476,84.5219,51.1528,-16.3808,0.0986
ghi,120min,ridge_endo,models_train,validation,5090,2476,84.5232,51.1591,-16.4542,0.0986
ghi,120min,lasso_endo,models_train,validation,5090,2476,84.5010,51.1499,-16.6899,0.0988
ghi,120min,ols_exo,models_train,validation,5090,2476,85.5383,52.4382,-20.4799,0.0878
ghi,120min,ridge_exo,models_train,validation,5090,2476,84.4275,52.1696,-21.2315,0.0996
ghi,120min,lasso_exo,models_train,validation,5090,2476,82.4287,51.6647,-22.6507,0.1209
ghi,150min,sp,models_train,validation,5090,2335,102.7701,60.5921,-5.9941,0.0000
ghi,150min,ols_endo,models_train,validation,5090,2335,90.1465,54.8769,-21.0537,0.1228
ghi,150min,ridge_endo,models_train,validation,5090,2335,90.1459,54.8846,-21.1194,0.1228
ghi,150min,lasso_endo,models_train,validation,5090,2335,90.1423,54.8880,-21.3611,0.1229
ghi,150min,ols_exo,models_train,validation,5090,2335,91.3864,55.2319,-23.1036,0.1108
ghi,150min,ridge_exo,models_train,validation,5090,2335,89.8285,54.7419,-24.0406,0.1259
ghi,150min,lasso_exo,models_train,validation,5090,2335,87.9995,54.3205,-25.5663,0.1437
ghi,180min,sp,models_train,validation,5090,2190,112.9323,67.1725,-7.2422,0.0000
ghi,180min,ols_endo,models_train,validation,5090,2190,95.7150,57.8342,-25.2543,0.1525
ghi,180min,ridge_endo,models_train,validation,5090,2190,95.7221,57.8380,-25.3348,0.1524
ghi,180min,lasso_endo,models_train,validation,5090,2190,95.7416,57.8401,-25.6125,0.1522
ghi,180min,ols_exo,models_train,validation,5090,2190,98.0491,58.7197,-25.9449,0.1318
ghi,180min,ridge_exo,models_train,validation,5090,2190,96.1589,58.0232,-26.9322,0.1485
ghi,180min,lasso_exo,models_train,validation,5090,2190,94.1383,57.2246,-28.1186,0.1664
dni,30min,sp,models_train,validation,5090,2908,113.3956,59.2604,1.1359,0.0000
dni,30min,ols_endo,models_train,validation,5090,2908,121.1471,80.5429,14.1768,-0.0684
dni,30min,ridge_endo,models_train,validation,5090,2908,121.0890,80.5580,14.1512,-0.0678
dni,30min,lasso_endo,models_train,validation,5090,2908,120.9990,80.4401,14.0955,-0.0671
dni,30min,ols_exo,models_train,validation,5090,2908,116.0092,79.1815,9.6823,-0.0230
dni,30min,ridge_exo,models_train,validation,5090,2908,114.5545,78.0518,8.4823,-0.0102
dni,30min,lasso_exo,models_train,validation,5090,2908,112.6951,76.7115,5.7016,0.0062
dni,60min,sp,models_train,validation,5090,2764,148.6320,81.1346,-0.9729,0.0000
dni,60min,ols_endo,models_train,validation,5090,2764,151.1378,102.2112,-5.7466,-0.0169
dni,60min,ridge_endo,models_train,validation,5090,2764,151.1232,102.2623,-5.7704,-0.0168
dni,60min,lasso_endo,models_train,validation,5090,2764,151.0547,102.2954,-5.8461,-0.0163
dni,60min,ols_exo,models_train,validation,5090,2764,147.4515,102.7733,-8.6677,0.0079
dni,60min,ridge_exo,models_train,validation,5090,2764,145.0464,101.0287,-10.0180,0.0241
dni,60min,lasso_exo,models_train,validation,5090,2764,142.0054,99.0873,-14.8553,0.0446
dni,90min,sp,models_train,validation,5090,2618,176.3749,98.4366,-4.8481,0.0000
dni,90min,ols_endo,models_train,validation,5090,2618,177.6029,119.8562,-26.6634,-0.0070
dni,90min,ridge_endo,models_train,validation,5090,2618,177.6221,119.8994,-26.6910,-0.0071
dni,90min,lasso_endo,models_train,validation,5090,2618,177.8244,120.1432,-27.1720,-0.0082
dni,90min,ols_exo,models_train,validation,5090,2618,177.8802,122.4226,-31.7444,-0.0085
dni,90min,ridge_exo,models_train,validation,5090,2618,176.0821,120.9955,-33.0347,0.0017
dni,90min,lasso_exo,models_train,validation,5090,2618,171.0675,118.2355,-35.8716,0.0301
dni,120min,sp,models_train,validation,5090,2476,199.6593,113.4006,-5.8533,0.0000
dni,120min,ols_endo,models_train,validation,5090,2476,198.6202,134.5691,-40.0053,0.0052
dni,120min,ridge_endo,models_train,validation,5090,2476,198.6472,134.6067,-40.0533,0.0051
dni,120min,lasso_endo,models_train,validation,5090,2476,198.6533,134.5725,-40.1545,0.0050
dni,120min,ols_exo,models_train,validation,5090,2476,200.6228,136.8443,-45.9104,-0.0048
dni,120min,ridge_exo,models_train,validation,5090,2476,198.6055,135.6972,-47.2457,0.0053
dni,120min,lasso_exo,models_train,validation,5090,2476,193.8920,133.5274,-50.8857,0.0289
dni,150min,sp,models_train,validation,5090,2335,214.2090,124.8202,-6.6123,0.0000
dni,150min,ols_endo,models_train,validation,5090,2335,211.9118,143.7877,-50.5744,0.0107
dni,150min,ridge_endo,models_train,validation,5090,2335,211.9408,143.8120,-50.6285,0.0106
dni,150min,lasso_endo,models_train,validation,5090,2335,212.0622,143.6510,-51.2145,0.0100
dni,150min,ols_exo,models_train,validation,5090,2335,214.3087,145.8500,-54.4098,-0.0005
dni,150min,ridge_exo,models_train,validation,5090,2335,212.3368,144.4744,-56.1743,0.0087
dni,150min,lasso_exo,models_train,validation,5090,2335,208.6944,142.2157,-61.0728,0.0257
dni,180min,sp,models_train,validation,5090,2190,227.1860,133.6732,-7.2704,0.0000
dni,180min,ols_endo,models_train,validation,5090,2190,223.8644,151.7065,-61.6892,0.0146
dni,180min,ridge_endo,models_train,validation,5090,2190,223.8916,151.7288,-61.7447,0.0145
dni,180min,lasso_endo,models_train,validation,5090,2190,224.0388,151.7192,-62.2653,0.0139
dni,180min,ols_exo,models_train,validation,5090,2190,229.5242,155.3771,-64.4123,-0.0103
dni,180min,ridge_exo,models_train,validation,5090,2190,227.4343,153.9854,-66.0484,-0.0011
dni,180min,lasso_exo,models_train,validation,5090,2190,223.1353,151.1514,-70.2634,0.0178
