comparison,budget_target,rate_a,rate_b,seed,point,lo,hi,excludes_zero
uncertainty - random,0.1000,0.0994,0.1000,0,-1.8443,-3.1930,-0.5711,True
uncertainty - random,0.1000,0.0994,0.1000,1,-2.4337,-3.8571,-1.1604,True
uncertainty - random,0.1000,0.0994,0.1000,2,-2.1547,-3.4328,-0.9247,True
uncertainty - random,0.1000,0.0994,0.1000,3,-2.8894,-4.4850,-1.3674,True
uncertainty - random,0.1000,0.0994,0.1000,4,-1.8255,-3.2281,-0.6322,True
uncertainty - random,0.1000,0.0994,0.1000,mean,-2.2295,-3.6392,-0.9312,5 of 5
uncertainty - random,0.2500,0.2303,0.2500,0,-2.2117,-3.7474,-0.8370,True
uncertainty - random,0.2500,0.2303,0.2500,1,-2.7858,-4.2132,-1.4319,True
uncertainty - random,0.2500,0.2303,0.2500,2,-2.4735,-3.8574,-1.1474,True
uncertainty - random,0.2500,0.2303,0.2500,3,-3.5630,-5.1078,-2.0488,True
uncertainty - random,0.2500,0.2303,0.2500,4,-2.1593,-3.5398,-0.8304,True
uncertainty - random,0.2500,0.2303,0.2500,mean,-2.6387,-4.0931,-1.2591,5 of 5
uncertainty - random,0.5000,0.4770,0.5000,0,-2.1324,-3.2421,-1.1067,True
uncertainty - random,0.5000,0.4770,0.5000,1,-2.2511,-3.2910,-1.2531,True
uncertainty - random,0.5000,0.4770,0.5000,2,-2.3577,-3.4137,-1.3985,True
uncertainty - random,0.5000,0.4770,0.5000,3,-3.7715,-4.9977,-2.5444,True
uncertainty - random,0.5000,0.4770,0.5000,4,-1.9632,-3.0045,-0.9270,True
uncertainty - random,0.5000,0.4770,0.5000,mean,-2.4952,-3.5898,-1.4459,5 of 5
uncertainty - learned,0.1000,0.0994,0.1053,0,-0.0505,-0.6510,0.5408,False
uncertainty - learned,0.1000,0.0994,0.1053,1,-0.3387,-0.9165,0.1836,False
uncertainty - learned,0.1000,0.0994,0.1053,2,-0.2062,-0.8802,0.4354,False
uncertainty - learned,0.1000,0.0994,0.1053,3,-0.4239,-1.0595,0.1629,False
uncertainty - learned,0.1000,0.0994,0.1053,4,-0.3331,-1.0016,0.2987,False
uncertainty - learned,0.1000,0.0994,0.1053,mean,-0.2705,-0.9018,0.3243,0 of 5
uncertainty - learned,0.2500,0.2303,0.2476,0,-0.3231,-1.0107,0.3275,False
uncertainty - learned,0.2500,0.2303,0.2476,1,-0.1976,-0.8339,0.3879,False
uncertainty - learned,0.2500,0.2303,0.2476,2,-0.5441,-1.2685,0.1862,False
uncertainty - learned,0.2500,0.2303,0.2476,3,0.3224,-0.3402,0.9512,False
uncertainty - learned,0.2500,0.2303,0.2476,4,-0.1740,-0.7722,0.3891,False
uncertainty - learned,0.2500,0.2303,0.2476,mean,-0.1833,-0.8451,0.4484,0 of 5
uncertainty - learned,0.5000,0.4770,0.4939,0,0.0999,-0.5077,0.6708,False
uncertainty - learned,0.5000,0.4770,0.4939,1,-0.2432,-0.6348,0.1002,False
uncertainty - learned,0.5000,0.4770,0.4939,2,-0.3840,-0.8080,0.0130,False
uncertainty - learned,0.5000,0.4770,0.4939,3,-0.3071,-0.7542,0.1232,False
uncertainty - learned,0.5000,0.4770,0.4939,4,-0.4938,-0.8160,-0.2122,True
uncertainty - learned,0.5000,0.4770,0.4939,mean,-0.2656,-0.7041,0.1390,1 of 5
