row_set,model,seed,horizon,n,RMSE,MAE,MBE,skill
primary,edge_network,0,30min,3809,51.5042,32.3221,-1.2537,0.0505
primary,edge_network,0,60min,3626,64.7076,39.1897,1.0657,0.0808
primary,edge_network,0,90min,3443,72.7299,42.6314,3.7050,0.1382
primary,edge_network,0,120min,3262,77.4518,45.0214,-0.3431,0.1887
primary,edge_network,0,150min,3082,84.4698,49.8073,1.4782,0.2002
primary,edge_network,0,180min,2903,87.4835,50.4667,0.5544,0.2406
primary,edge_network,0,mean,20125,73.0578,43.2398,0.8677,0.1498
primary,edge_network,1,30min,3809,48.9770,29.0944,4.7343,0.0971
primary,edge_network,1,60min,3626,63.5305,38.2683,3.6656,0.0975
primary,edge_network,1,90min,3443,70.9235,41.7570,3.2337,0.1596
primary,edge_network,1,120min,3262,78.7088,46.5018,4.3840,0.1755
primary,edge_network,1,150min,3082,82.7307,48.7511,3.4879,0.2167
primary,edge_network,1,180min,2903,88.3749,52.4303,6.8116,0.2328
primary,edge_network,1,mean,20125,72.2076,42.8005,4.3862,0.1632
primary,edge_network,2,30min,3809,50.0904,31.6202,12.4460,0.0766
primary,edge_network,2,60min,3626,63.3452,39.0725,10.5252,0.1002
primary,edge_network,2,90min,3443,71.7587,43.1806,8.6517,0.1497
primary,edge_network,2,120min,3262,79.0685,48.7101,14.3108,0.1717
primary,edge_network,2,150min,3082,81.2479,48.6234,5.2848,0.2307
primary,edge_network,2,180min,2903,87.0155,51.3681,6.3032,0.2446
primary,edge_network,2,mean,20125,72.0877,43.7625,9.5870,0.1623
primary,edge_network,3,30min,3809,59.0494,36.6835,16.0916,-0.0886
primary,edge_network,3,60min,3626,66.4362,41.8932,11.2662,0.0563
primary,edge_network,3,90min,3443,77.2640,49.8371,17.1500,0.0844
primary,edge_network,3,120min,3262,83.5651,54.1634,16.9050,0.1246
primary,edge_network,3,150min,3082,86.3807,55.4600,17.4541,0.1822
primary,edge_network,3,180min,2903,90.9532,58.1090,16.6701,0.2104
primary,edge_network,3,mean,20125,77.2747,49.3577,15.9229,0.0949
primary,edge_network,4,30min,3809,49.7791,30.2220,1.2876,0.0823
primary,edge_network,4,60min,3626,62.2255,36.2803,0.3959,0.1161
primary,edge_network,4,90min,3443,71.7570,42.6309,2.2599,0.1497
primary,edge_network,4,120min,3262,77.5282,45.2507,2.5882,0.1879
primary,edge_network,4,150min,3082,81.9241,47.6585,-0.3784,0.2243
primary,edge_network,4,180min,2903,87.4942,51.6306,3.3221,0.2405
primary,edge_network,4,mean,20125,71.7847,42.2788,1.5792,0.1668
primary,trees_ground,0,30min,3809,44.3287,23.1199,-1.6203,0.1828
primary,trees_ground,0,60min,3626,58.8168,31.9473,-1.8608,0.1645
primary,trees_ground,0,90min,3443,69.1585,38.2333,-2.5744,0.1805
primary,trees_ground,0,120min,3262,74.5809,42.1694,-3.9215,0.2187
primary,trees_ground,0,150min,3082,80.9674,45.8488,-2.9059,0.2334
primary,trees_ground,0,180min,2903,87.1166,49.2447,-2.9618,0.2437
primary,trees_ground,0,mean,20125,69.1615,38.4273,-2.6408,0.2039
primary,trees_ground,1,30min,3809,44.3287,23.1199,-1.6203,0.1828
primary,trees_ground,1,60min,3626,58.8168,31.9473,-1.8608,0.1645
primary,trees_ground,1,90min,3443,69.1585,38.2333,-2.5744,0.1805
primary,trees_ground,1,120min,3262,74.5809,42.1694,-3.9215,0.2187
primary,trees_ground,1,150min,3082,80.9674,45.8488,-2.9059,0.2334
primary,trees_ground,1,180min,2903,87.1166,49.2447,-2.9618,0.2437
primary,trees_ground,1,mean,20125,69.1615,38.4273,-2.6408,0.2039
primary,trees_ground,2,30min,3809,44.3287,23.1199,-1.6203,0.1828
primary,trees_ground,2,60min,3626,58.8168,31.9473,-1.8608,0.1645
primary,trees_ground,2,90min,3443,69.1585,38.2333,-2.5744,0.1805
primary,trees_ground,2,120min,3262,74.5809,42.1694,-3.9215,0.2187
primary,trees_ground,2,150min,3082,80.9674,45.8488,-2.9059,0.2334
primary,trees_ground,2,180min,2903,87.1166,49.2447,-2.9618,0.2437
primary,trees_ground,2,mean,20125,69.1615,38.4273,-2.6408,0.2039
primary,trees_ground,3,30min,3809,44.3287,23.1199,-1.6203,0.1828
primary,trees_ground,3,60min,3626,58.8168,31.9473,-1.8608,0.1645
primary,trees_ground,3,90min,3443,69.1585,38.2333,-2.5744,0.1805
primary,trees_ground,3,120min,3262,74.5809,42.1694,-3.9215,0.2187
primary,trees_ground,3,150min,3082,80.9674,45.8488,-2.9059,0.2334
primary,trees_ground,3,180min,2903,87.1166,49.2447,-2.9618,0.2437
primary,trees_ground,3,mean,20125,69.1615,38.4273,-2.6408,0.2039
primary,trees_ground,4,30min,3809,44.3287,23.1199,-1.6203,0.1828
primary,trees_ground,4,60min,3626,58.8168,31.9473,-1.8608,0.1645
primary,trees_ground,4,90min,3443,69.1585,38.2333,-2.5744,0.1805
primary,trees_ground,4,120min,3262,74.5809,42.1694,-3.9215,0.2187
primary,trees_ground,4,150min,3082,80.9674,45.8488,-2.9059,0.2334
primary,trees_ground,4,180min,2903,87.1166,49.2447,-2.9618,0.2437
primary,trees_ground,4,mean,20125,69.1615,38.4273,-2.6408,0.2039
primary,trees_ground_sat,0,30min,3809,43.5729,22.6951,-1.2774,0.1967
primary,trees_ground_sat,0,60min,3626,59.2794,32.2339,-1.4466,0.1579
primary,trees_ground_sat,0,90min,3443,69.1026,38.2975,-1.8919,0.1811
primary,trees_ground_sat,0,120min,3262,74.6881,42.5140,-2.8749,0.2176
primary,trees_ground_sat,0,150min,3082,81.4317,46.1131,-2.5511,0.2290
primary,trees_ground_sat,0,180min,2903,86.1735,48.6486,-2.8196,0.2519
primary,trees_ground_sat,0,mean,20125,69.0413,38.4170,-2.1436,0.2057
primary,trees_ground_sat,1,30min,3809,43.5729,22.6951,-1.2774,0.1967
primary,trees_ground_sat,1,60min,3626,59.2794,32.2339,-1.4466,0.1579
primary,trees_ground_sat,1,90min,3443,69.1026,38.2975,-1.8919,0.1811
primary,trees_ground_sat,1,120min,3262,74.6881,42.5140,-2.8749,0.2176
primary,trees_ground_sat,1,150min,3082,81.4317,46.1131,-2.5511,0.2290
primary,trees_ground_sat,1,180min,2903,86.1735,48.6486,-2.8196,0.2519
primary,trees_ground_sat,1,mean,20125,69.0413,38.4170,-2.1436,0.2057
primary,trees_ground_sat,2,30min,3809,43.5729,22.6951,-1.2774,0.1967
primary,trees_ground_sat,2,60min,3626,59.2794,32.2339,-1.4466,0.1579
primary,trees_ground_sat,2,90min,3443,69.1026,38.2975,-1.8919,0.1811
primary,trees_ground_sat,2,120min,3262,74.6881,42.5140,-2.8749,0.2176
primary,trees_ground_sat,2,150min,3082,81.4317,46.1131,-2.5511,0.2290
primary,trees_ground_sat,2,180min,2903,86.1735,48.6486,-2.8196,0.2519
primary,trees_ground_sat,2,mean,20125,69.0413,38.4170,-2.1436,0.2057
primary,trees_ground_sat,3,30min,3809,43.5729,22.6951,-1.2774,0.1967
primary,trees_ground_sat,3,60min,3626,59.2794,32.2339,-1.4466,0.1579
primary,trees_ground_sat,3,90min,3443,69.1026,38.2975,-1.8919,0.1811
primary,trees_ground_sat,3,120min,3262,74.6881,42.5140,-2.8749,0.2176
primary,trees_ground_sat,3,150min,3082,81.4317,46.1131,-2.5511,0.2290
primary,trees_ground_sat,3,180min,2903,86.1735,48.6486,-2.8196,0.2519
primary,trees_ground_sat,3,mean,20125,69.0413,38.4170,-2.1436,0.2057
primary,trees_ground_sat,4,30min,3809,43.5729,22.6951,-1.2774,0.1967
primary,trees_ground_sat,4,60min,3626,59.2794,32.2339,-1.4466,0.1579
primary,trees_ground_sat,4,90min,3443,69.1026,38.2975,-1.8919,0.1811
primary,trees_ground_sat,4,120min,3262,74.6881,42.5140,-2.8749,0.2176
primary,trees_ground_sat,4,150min,3082,81.4317,46.1131,-2.5511,0.2290
primary,trees_ground_sat,4,180min,2903,86.1735,48.6486,-2.8196,0.2519
primary,trees_ground_sat,4,mean,20125,69.0413,38.4170,-2.1436,0.2057
primary,trees_ground_nam,0,30min,3809,44.7851,23.6298,-0.8393,0.1744
primary,trees_ground_nam,0,60min,3626,59.9177,33.3517,-0.4711,0.1488
primary,trees_ground_nam,0,90min,3443,68.7376,38.7588,0.2695,0.1855
primary,trees_ground_nam,0,120min,3262,75.8826,43.1957,-0.5432,0.2051
primary,trees_ground_nam,0,150min,3082,80.8194,45.7755,0.7050,0.2348
primary,trees_ground_nam,0,180min,2903,86.9221,49.5883,2.1254,0.2454
primary,trees_ground_nam,0,mean,20125,69.5107,39.0499,0.2077,0.1990
primary,trees_ground_nam,1,30min,3809,44.7851,23.6298,-0.8393,0.1744
primary,trees_ground_nam,1,60min,3626,59.9177,33.3517,-0.4711,0.1488
primary,trees_ground_nam,1,90min,3443,68.7376,38.7588,0.2695,0.1855
primary,trees_ground_nam,1,120min,3262,75.8826,43.1957,-0.5432,0.2051
primary,trees_ground_nam,1,150min,3082,80.8194,45.7755,0.7050,0.2348
primary,trees_ground_nam,1,180min,2903,86.9221,49.5883,2.1254,0.2454
primary,trees_ground_nam,1,mean,20125,69.5107,39.0499,0.2077,0.1990
primary,trees_ground_nam,2,30min,3809,44.7851,23.6298,-0.8393,0.1744
primary,trees_ground_nam,2,60min,3626,59.9177,33.3517,-0.4711,0.1488
primary,trees_ground_nam,2,90min,3443,68.7376,38.7588,0.2695,0.1855
primary,trees_ground_nam,2,120min,3262,75.8826,43.1957,-0.5432,0.2051
primary,trees_ground_nam,2,150min,3082,80.8194,45.7755,0.7050,0.2348
primary,trees_ground_nam,2,180min,2903,86.9221,49.5883,2.1254,0.2454
primary,trees_ground_nam,2,mean,20125,69.5107,39.0499,0.2077,0.1990
primary,trees_ground_nam,3,30min,3809,44.7851,23.6298,-0.8393,0.1744
primary,trees_ground_nam,3,60min,3626,59.9177,33.3517,-0.4711,0.1488
primary,trees_ground_nam,3,90min,3443,68.7376,38.7588,0.2695,0.1855
primary,trees_ground_nam,3,120min,3262,75.8826,43.1957,-0.5432,0.2051
primary,trees_ground_nam,3,150min,3082,80.8194,45.7755,0.7050,0.2348
primary,trees_ground_nam,3,180min,2903,86.9221,49.5883,2.1254,0.2454
primary,trees_ground_nam,3,mean,20125,69.5107,39.0499,0.2077,0.1990
primary,trees_ground_nam,4,30min,3809,44.7851,23.6298,-0.8393,0.1744
primary,trees_ground_nam,4,60min,3626,59.9177,33.3517,-0.4711,0.1488
primary,trees_ground_nam,4,90min,3443,68.7376,38.7588,0.2695,0.1855
primary,trees_ground_nam,4,120min,3262,75.8826,43.1957,-0.5432,0.2051
primary,trees_ground_nam,4,150min,3082,80.8194,45.7755,0.7050,0.2348
primary,trees_ground_nam,4,180min,2903,86.9221,49.5883,2.1254,0.2454
primary,trees_ground_nam,4,mean,20125,69.5107,39.0499,0.2077,0.1990
primary,trees_all,0,30min,3809,44.8360,23.4702,-0.8026,0.1735
primary,trees_all,0,60min,3626,59.8687,33.4306,-0.7320,0.1495
primary,trees_all,0,90min,3443,69.2794,38.6969,0.2534,0.1790
primary,trees_all,0,120min,3262,75.3412,43.0065,-0.7889,0.2108
primary,trees_all,0,150min,3082,79.7287,45.5904,1.3373,0.2451
primary,trees_all,0,180min,2903,87.0493,49.8085,2.8578,0.2443
primary,trees_all,0,mean,20125,69.3505,39.0005,0.3542,0.2004
primary,trees_all,1,30min,3809,44.8360,23.4702,-0.8026,0.1735
primary,trees_all,1,60min,3626,59.8687,33.4306,-0.7320,0.1495
primary,trees_all,1,90min,3443,69.2794,38.6969,0.2534,0.1790
primary,trees_all,1,120min,3262,75.3412,43.0065,-0.7889,0.2108
primary,trees_all,1,150min,3082,79.7287,45.5904,1.3373,0.2451
primary,trees_all,1,180min,2903,87.0493,49.8085,2.8578,0.2443
primary,trees_all,1,mean,20125,69.3505,39.0005,0.3542,0.2004
primary,trees_all,2,30min,3809,44.8360,23.4702,-0.8026,0.1735
primary,trees_all,2,60min,3626,59.8687,33.4306,-0.7320,0.1495
primary,trees_all,2,90min,3443,69.2794,38.6969,0.2534,0.1790
primary,trees_all,2,120min,3262,75.3412,43.0065,-0.7889,0.2108
primary,trees_all,2,150min,3082,79.7287,45.5904,1.3373,0.2451
primary,trees_all,2,180min,2903,87.0493,49.8085,2.8578,0.2443
primary,trees_all,2,mean,20125,69.3505,39.0005,0.3542,0.2004
primary,trees_all,3,30min,3809,44.8360,23.4702,-0.8026,0.1735
primary,trees_all,3,60min,3626,59.8687,33.4306,-0.7320,0.1495
primary,trees_all,3,90min,3443,69.2794,38.6969,0.2534,0.1790
primary,trees_all,3,120min,3262,75.3412,43.0065,-0.7889,0.2108
primary,trees_all,3,150min,3082,79.7287,45.5904,1.3373,0.2451
primary,trees_all,3,180min,2903,87.0493,49.8085,2.8578,0.2443
primary,trees_all,3,mean,20125,69.3505,39.0005,0.3542,0.2004
primary,trees_all,4,30min,3809,44.8360,23.4702,-0.8026,0.1735
primary,trees_all,4,60min,3626,59.8687,33.4306,-0.7320,0.1495
primary,trees_all,4,90min,3443,69.2794,38.6969,0.2534,0.1790
primary,trees_all,4,120min,3262,75.3412,43.0065,-0.7889,0.2108
primary,trees_all,4,150min,3082,79.7287,45.5904,1.3373,0.2451
primary,trees_all,4,180min,2903,87.0493,49.8085,2.8578,0.2443
primary,trees_all,4,mean,20125,69.3505,39.0005,0.3542,0.2004
primary,step4_average,0,30min,3809,47.0221,27.1314,-0.3493,0.1332
primary,step4_average,0,60min,3626,59.7356,34.0535,1.5009,0.1514
primary,step4_average,0,90min,3443,68.6859,39.5216,1.8602,0.1861
primary,step4_average,0,120min,3262,73.8141,42.7326,-0.1829,0.2268
primary,step4_average,0,150min,3082,78.8789,45.2339,4.0183,0.2532
primary,step4_average,0,180min,2903,84.1995,48.3741,2.1779,0.2691
primary,step4_average,0,mean,20125,68.7227,39.5078,1.5042,0.2033
primary,step4_average,1,30min,3809,47.2736,27.7123,4.7738,0.1285
primary,step4_average,1,60min,3626,60.2093,34.7843,3.8580,0.1447
primary,step4_average,1,90min,3443,68.7054,39.7766,4.8028,0.1858
primary,step4_average,1,120min,3262,73.8199,43.7120,4.8267,0.2267
primary,step4_average,1,150min,3082,78.3032,44.9498,2.9548,0.2586
primary,step4_average,1,180min,2903,84.0015,49.5833,6.7071,0.2708
primary,step4_average,1,mean,20125,68.7188,40.0864,4.6539,0.2025
primary,step4_average,2,30min,3809,45.8645,25.8441,1.2961,0.1545
primary,step4_average,2,60min,3626,59.4764,33.5693,2.0502,0.1551
primary,step4_average,2,90min,3443,67.7795,38.8765,3.5915,0.1968
primary,step4_average,2,120min,3262,73.5529,42.7811,2.8999,0.2295
primary,step4_average,2,150min,3082,78.4986,45.2470,3.5951,0.2568
primary,step4_average,2,180min,2903,83.5000,47.9946,3.7569,0.2751
primary,step4_average,2,mean,20125,68.1120,39.0521,2.8649,0.2113
primary,step4_average,3,30min,3809,45.8969,25.8700,5.2662,0.1539
primary,step4_average,3,60min,3626,60.2162,36.8540,10.5241,0.1446
primary,step4_average,3,90min,3443,68.8014,41.3618,10.8418,0.1847
primary,step4_average,3,120min,3262,73.4991,42.9912,5.5410,0.2301
primary,step4_average,3,150min,3082,78.7045,46.8117,10.6251,0.2548
primary,step4_average,3,180min,2903,83.8665,50.3323,9.8900,0.2720
primary,step4_average,3,mean,20125,68.4974,40.7035,8.7814,0.2067
primary,step4_average,4,30min,3809,47.7855,28.1100,3.4626,0.1191
primary,step4_average,4,60min,3626,60.7695,35.6756,5.4494,0.1367
primary,step4_average,4,90min,3443,69.3106,41.0027,6.6469,0.1787
primary,step4_average,4,120min,3262,74.4157,44.0746,4.1287,0.2205
primary,step4_average,4,150min,3082,79.1116,46.7946,4.1654,0.2510
primary,step4_average,4,180min,2903,83.9919,49.9209,5.9194,0.2709
primary,step4_average,4,mean,20125,69.2308,40.9297,4.9621,0.1961
primary,smart_persistence,na,30min,3809,54.2451,28.5270,1.0159,0.0000
primary,smart_persistence,na,60min,3626,70.3960,39.3488,-0.5693,0.0000
primary,smart_persistence,na,90min,3443,84.3883,48.3532,-2.3906,0.0000
primary,smart_persistence,na,120min,3262,95.4629,55.7532,-4.2396,0.0000
primary,smart_persistence,na,150min,3082,105.6195,62.2473,-5.5766,0.0000
primary,smart_persistence,na,180min,2903,115.1949,68.6652,-6.6800,0.0000
primary,smart_persistence,na,mean,20125,87.5511,50.4824,-3.0734,0.0000
all_daylight,edge_network,0,30min,3857,51.4457,32.3346,-1.2172,0.0525
all_daylight,edge_network,0,60min,3674,64.7621,39.2242,1.1205,0.0806
all_daylight,edge_network,0,90min,3491,72.6219,42.5948,3.7070,0.1375
all_daylight,edge_network,0,120min,3308,77.3633,44.9821,-0.3482,0.1876
all_daylight,edge_network,0,150min,3125,84.2528,49.7288,1.3313,0.1998
all_daylight,edge_network,0,180min,2942,87.3210,50.4551,0.2806,0.2399
all_daylight,edge_network,0,mean,20397,72.9611,43.2199,0.8123,0.1497
all_daylight,edge_network,1,30min,3857,48.9027,29.0903,4.7563,0.0993
all_daylight,edge_network,1,60min,3674,63.5826,38.3445,3.7455,0.0974
all_daylight,edge_network,1,90min,3491,70.8067,41.7294,3.2723,0.1591
all_daylight,edge_network,1,120min,3308,78.6090,46.4640,4.4318,0.1745
all_daylight,edge_network,1,150min,3125,82.6277,48.7481,3.3399,0.2153
all_daylight,edge_network,1,180min,2942,88.1346,52.3262,6.5785,0.2328
all_daylight,edge_network,1,mean,20397,72.1105,42.7838,4.3541,0.1631
all_daylight,edge_network,2,30min,3857,50.0010,31.5823,12.4261,0.0791
all_daylight,edge_network,2,60min,3674,63.3554,39.1208,10.5146,0.1006
all_daylight,edge_network,2,90min,3491,71.6596,43.1337,8.5988,0.1490
all_daylight,edge_network,2,120min,3308,78.9155,48.6162,14.2542,0.1713
all_daylight,edge_network,2,150min,3125,81.1828,48.6210,5.1229,0.2290
all_daylight,edge_network,2,180min,2942,86.8617,51.3473,5.9512,0.2439
all_daylight,edge_network,2,mean,20397,71.9960,43.7369,9.4780,0.1621
all_daylight,edge_network,3,30min,3857,59.1452,36.8051,16.1733,-0.0893
all_daylight,edge_network,3,60min,3674,66.6415,42.0470,11.4012,0.0540
all_daylight,edge_network,3,90min,3491,77.2532,49.8255,17.2425,0.0825
all_daylight,edge_network,3,120min,3308,83.4617,54.0896,17.0813,0.1235
all_daylight,edge_network,3,150min,3125,86.3878,55.4305,17.3832,0.1795
all_daylight,edge_network,3,180min,2942,90.7884,57.9663,16.5208,0.2097
all_daylight,edge_network,3,mean,20397,77.2796,49.3607,15.9670,0.0933
all_daylight,edge_network,4,30min,3857,49.7551,30.2199,1.3344,0.0836
all_daylight,edge_network,4,60min,3674,62.4322,36.4217,0.4623,0.1137
all_daylight,edge_network,4,90min,3491,71.7341,42.5977,2.3617,0.1481
all_daylight,edge_network,4,120min,3308,77.5259,45.2314,2.6583,0.1859
all_daylight,edge_network,4,150min,3125,81.7689,47.6244,-0.4208,0.2234
all_daylight,edge_network,4,180min,2942,87.2071,51.4869,3.1625,0.2409
all_daylight,edge_network,4,mean,20397,71.7372,42.2637,1.5931,0.1659
all_daylight,trees_ground,0,30min,3857,44.2396,23.0974,-1.6149,0.1852
all_daylight,trees_ground,0,60min,3674,58.7293,31.9651,-1.7785,0.1663
all_daylight,trees_ground,0,90min,3491,69.0655,38.2340,-2.4788,0.1798
all_daylight,trees_ground,0,120min,3308,74.5013,42.1433,-3.7545,0.2176
all_daylight,trees_ground,0,150min,3125,80.9104,45.8515,-2.8633,0.2316
all_daylight,trees_ground,0,180min,2942,86.9873,49.1981,-3.0203,0.2428
all_daylight,trees_ground,0,mean,20397,69.0722,38.4149,-2.5850,0.2039
all_daylight,trees_ground,1,30min,3857,44.2396,23.0974,-1.6149,0.1852
all_daylight,trees_ground,1,60min,3674,58.7293,31.9651,-1.7785,0.1663
all_daylight,trees_ground,1,90min,3491,69.0655,38.2340,-2.4788,0.1798
all_daylight,trees_ground,1,120min,3308,74.5013,42.1433,-3.7545,0.2176
all_daylight,trees_ground,1,150min,3125,80.9104,45.8515,-2.8633,0.2316
all_daylight,trees_ground,1,180min,2942,86.9873,49.1981,-3.0203,0.2428
all_daylight,trees_ground,1,mean,20397,69.0722,38.4149,-2.5850,0.2039
all_daylight,trees_ground,2,30min,3857,44.2396,23.0974,-1.6149,0.1852
all_daylight,trees_ground,2,60min,3674,58.7293,31.9651,-1.7785,0.1663
all_daylight,trees_ground,2,90min,3491,69.0655,38.2340,-2.4788,0.1798
all_daylight,trees_ground,2,120min,3308,74.5013,42.1433,-3.7545,0.2176
all_daylight,trees_ground,2,150min,3125,80.9104,45.8515,-2.8633,0.2316
all_daylight,trees_ground,2,180min,2942,86.9873,49.1981,-3.0203,0.2428
all_daylight,trees_ground,2,mean,20397,69.0722,38.4149,-2.5850,0.2039
all_daylight,trees_ground,3,30min,3857,44.2396,23.0974,-1.6149,0.1852
all_daylight,trees_ground,3,60min,3674,58.7293,31.9651,-1.7785,0.1663
all_daylight,trees_ground,3,90min,3491,69.0655,38.2340,-2.4788,0.1798
all_daylight,trees_ground,3,120min,3308,74.5013,42.1433,-3.7545,0.2176
all_daylight,trees_ground,3,150min,3125,80.9104,45.8515,-2.8633,0.2316
all_daylight,trees_ground,3,180min,2942,86.9873,49.1981,-3.0203,0.2428
all_daylight,trees_ground,3,mean,20397,69.0722,38.4149,-2.5850,0.2039
all_daylight,trees_ground,4,30min,3857,44.2396,23.0974,-1.6149,0.1852
all_daylight,trees_ground,4,60min,3674,58.7293,31.9651,-1.7785,0.1663
all_daylight,trees_ground,4,90min,3491,69.0655,38.2340,-2.4788,0.1798
all_daylight,trees_ground,4,120min,3308,74.5013,42.1433,-3.7545,0.2176
all_daylight,trees_ground,4,150min,3125,80.9104,45.8515,-2.8633,0.2316
all_daylight,trees_ground,4,180min,2942,86.9873,49.1981,-3.0203,0.2428
all_daylight,trees_ground,4,mean,20397,69.0722,38.4149,-2.5850,0.2039
all_daylight,trees_ground_sat,0,30min,3857,43.4605,22.6644,-1.2765,0.1996
all_daylight,trees_ground_sat,0,60min,3674,59.1500,32.2258,-1.4344,0.1603
all_daylight,trees_ground_sat,0,90min,3491,68.9589,38.2709,-1.8439,0.1810
all_daylight,trees_ground_sat,0,120min,3308,74.5663,42.4230,-2.7588,0.2169
all_daylight,trees_ground_sat,0,150min,3125,81.3861,46.1217,-2.5733,0.2271
all_daylight,trees_ground_sat,0,180min,2942,86.0500,48.5974,-2.9481,0.2510
all_daylight,trees_ground_sat,0,mean,20397,68.9286,38.3839,-2.1392,0.2060
all_daylight,trees_ground_sat,1,30min,3857,43.4605,22.6644,-1.2765,0.1996
all_daylight,trees_ground_sat,1,60min,3674,59.1500,32.2258,-1.4344,0.1603
all_daylight,trees_ground_sat,1,90min,3491,68.9589,38.2709,-1.8439,0.1810
all_daylight,trees_ground_sat,1,120min,3308,74.5663,42.4230,-2.7588,0.2169
all_daylight,trees_ground_sat,1,150min,3125,81.3861,46.1217,-2.5733,0.2271
all_daylight,trees_ground_sat,1,180min,2942,86.0500,48.5974,-2.9481,0.2510
all_daylight,trees_ground_sat,1,mean,20397,68.9286,38.3839,-2.1392,0.2060
all_daylight,trees_ground_sat,2,30min,3857,43.4605,22.6644,-1.2765,0.1996
all_daylight,trees_ground_sat,2,60min,3674,59.1500,32.2258,-1.4344,0.1603
all_daylight,trees_ground_sat,2,90min,3491,68.9589,38.2709,-1.8439,0.1810
all_daylight,trees_ground_sat,2,120min,3308,74.5663,42.4230,-2.7588,0.2169
all_daylight,trees_ground_sat,2,150min,3125,81.3861,46.1217,-2.5733,0.2271
all_daylight,trees_ground_sat,2,180min,2942,86.0500,48.5974,-2.9481,0.2510
all_daylight,trees_ground_sat,2,mean,20397,68.9286,38.3839,-2.1392,0.2060
all_daylight,trees_ground_sat,3,30min,3857,43.4605,22.6644,-1.2765,0.1996
all_daylight,trees_ground_sat,3,60min,3674,59.1500,32.2258,-1.4344,0.1603
all_daylight,trees_ground_sat,3,90min,3491,68.9589,38.2709,-1.8439,0.1810
all_daylight,trees_ground_sat,3,120min,3308,74.5663,42.4230,-2.7588,0.2169
all_daylight,trees_ground_sat,3,150min,3125,81.3861,46.1217,-2.5733,0.2271
all_daylight,trees_ground_sat,3,180min,2942,86.0500,48.5974,-2.9481,0.2510
all_daylight,trees_ground_sat,3,mean,20397,68.9286,38.3839,-2.1392,0.2060
all_daylight,trees_ground_sat,4,30min,3857,43.4605,22.6644,-1.2765,0.1996
all_daylight,trees_ground_sat,4,60min,3674,59.1500,32.2258,-1.4344,0.1603
all_daylight,trees_ground_sat,4,90min,3491,68.9589,38.2709,-1.8439,0.1810
all_daylight,trees_ground_sat,4,120min,3308,74.5663,42.4230,-2.7588,0.2169
all_daylight,trees_ground_sat,4,150min,3125,81.3861,46.1217,-2.5733,0.2271
all_daylight,trees_ground_sat,4,180min,2942,86.0500,48.5974,-2.9481,0.2510
all_daylight,trees_ground_sat,4,mean,20397,68.9286,38.3839,-2.1392,0.2060
all_daylight,trees_ground_nam,0,30min,3857,44.6783,23.5988,-0.8316,0.1771
all_daylight,trees_ground_nam,0,60min,3674,59.8712,33.3749,-0.4038,0.1501
all_daylight,trees_ground_nam,0,90min,3491,68.6037,38.7455,0.3878,0.1853
all_daylight,trees_ground_nam,0,120min,3308,75.8055,43.1705,-0.4043,0.2039
all_daylight,trees_ground_nam,0,150min,3125,80.6715,45.7374,0.7103,0.2338
all_daylight,trees_ground_nam,0,180min,2942,86.7233,49.5174,1.9859,0.2451
all_daylight,trees_ground_nam,0,mean,20397,69.3922,39.0241,0.2407,0.1992
all_daylight,trees_ground_nam,1,30min,3857,44.6783,23.5988,-0.8316,0.1771
all_daylight,trees_ground_nam,1,60min,3674,59.8712,33.3749,-0.4038,0.1501
all_daylight,trees_ground_nam,1,90min,3491,68.6037,38.7455,0.3878,0.1853
all_daylight,trees_ground_nam,1,120min,3308,75.8055,43.1705,-0.4043,0.2039
all_daylight,trees_ground_nam,1,150min,3125,80.6715,45.7374,0.7103,0.2338
all_daylight,trees_ground_nam,1,180min,2942,86.7233,49.5174,1.9859,0.2451
all_daylight,trees_ground_nam,1,mean,20397,69.3922,39.0241,0.2407,0.1992
all_daylight,trees_ground_nam,2,30min,3857,44.6783,23.5988,-0.8316,0.1771
all_daylight,trees_ground_nam,2,60min,3674,59.8712,33.3749,-0.4038,0.1501
all_daylight,trees_ground_nam,2,90min,3491,68.6037,38.7455,0.3878,0.1853
all_daylight,trees_ground_nam,2,120min,3308,75.8055,43.1705,-0.4043,0.2039
all_daylight,trees_ground_nam,2,150min,3125,80.6715,45.7374,0.7103,0.2338
all_daylight,trees_ground_nam,2,180min,2942,86.7233,49.5174,1.9859,0.2451
all_daylight,trees_ground_nam,2,mean,20397,69.3922,39.0241,0.2407,0.1992
all_daylight,trees_ground_nam,3,30min,3857,44.6783,23.5988,-0.8316,0.1771
all_daylight,trees_ground_nam,3,60min,3674,59.8712,33.3749,-0.4038,0.1501
all_daylight,trees_ground_nam,3,90min,3491,68.6037,38.7455,0.3878,0.1853
all_daylight,trees_ground_nam,3,120min,3308,75.8055,43.1705,-0.4043,0.2039
all_daylight,trees_ground_nam,3,150min,3125,80.6715,45.7374,0.7103,0.2338
all_daylight,trees_ground_nam,3,180min,2942,86.7233,49.5174,1.9859,0.2451
all_daylight,trees_ground_nam,3,mean,20397,69.3922,39.0241,0.2407,0.1992
all_daylight,trees_ground_nam,4,30min,3857,44.6783,23.5988,-0.8316,0.1771
all_daylight,trees_ground_nam,4,60min,3674,59.8712,33.3749,-0.4038,0.1501
all_daylight,trees_ground_nam,4,90min,3491,68.6037,38.7455,0.3878,0.1853
all_daylight,trees_ground_nam,4,120min,3308,75.8055,43.1705,-0.4043,0.2039
all_daylight,trees_ground_nam,4,150min,3125,80.6715,45.7374,0.7103,0.2338
all_daylight,trees_ground_nam,4,180min,2942,86.7233,49.5174,1.9859,0.2451
all_daylight,trees_ground_nam,4,mean,20397,69.3922,39.0241,0.2407,0.1992
all_daylight,trees_all,0,30min,3857,44.7288,23.4398,-0.8174,0.1762
all_daylight,trees_all,0,60min,3674,59.7968,33.4497,-0.6741,0.1511
all_daylight,trees_all,0,90min,3491,69.1083,38.6470,0.3343,0.1793
all_daylight,trees_all,0,120min,3308,75.2047,42.9453,-0.6662,0.2102
all_daylight,trees_all,0,150min,3125,79.6163,45.5719,1.3409,0.2439
all_daylight,trees_all,0,180min,2942,86.8309,49.7119,2.7257,0.2442
all_daylight,trees_all,0,mean,20397,69.2143,38.9609,0.3739,0.2008
all_daylight,trees_all,1,30min,3857,44.7288,23.4398,-0.8174,0.1762
all_daylight,trees_all,1,60min,3674,59.7968,33.4497,-0.6741,0.1511
all_daylight,trees_all,1,90min,3491,69.1083,38.6470,0.3343,0.1793
all_daylight,trees_all,1,120min,3308,75.2047,42.9453,-0.6662,0.2102
all_daylight,trees_all,1,150min,3125,79.6163,45.5719,1.3409,0.2439
all_daylight,trees_all,1,180min,2942,86.8309,49.7119,2.7257,0.2442
all_daylight,trees_all,1,mean,20397,69.2143,38.9609,0.3739,0.2008
all_daylight,trees_all,2,30min,3857,44.7288,23.4398,-0.8174,0.1762
all_daylight,trees_all,2,60min,3674,59.7968,33.4497,-0.6741,0.1511
all_daylight,trees_all,2,90min,3491,69.1083,38.6470,0.3343,0.1793
all_daylight,trees_all,2,120min,3308,75.2047,42.9453,-0.6662,0.2102
all_daylight,trees_all,2,150min,3125,79.6163,45.5719,1.3409,0.2439
all_daylight,trees_all,2,180min,2942,86.8309,49.7119,2.7257,0.2442
all_daylight,trees_all,2,mean,20397,69.2143,38.9609,0.3739,0.2008
all_daylight,trees_all,3,30min,3857,44.7288,23.4398,-0.8174,0.1762
all_daylight,trees_all,3,60min,3674,59.7968,33.4497,-0.6741,0.1511
all_daylight,trees_all,3,90min,3491,69.1083,38.6470,0.3343,0.1793
all_daylight,trees_all,3,120min,3308,75.2047,42.9453,-0.6662,0.2102
all_daylight,trees_all,3,150min,3125,79.6163,45.5719,1.3409,0.2439
all_daylight,trees_all,3,180min,2942,86.8309,49.7119,2.7257,0.2442
all_daylight,trees_all,3,mean,20397,69.2143,38.9609,0.3739,0.2008
all_daylight,trees_all,4,30min,3857,44.7288,23.4398,-0.8174,0.1762
all_daylight,trees_all,4,60min,3674,59.7968,33.4497,-0.6741,0.1511
all_daylight,trees_all,4,90min,3491,69.1083,38.6470,0.3343,0.1793
all_daylight,trees_all,4,120min,3308,75.2047,42.9453,-0.6662,0.2102
all_daylight,trees_all,4,150min,3125,79.6163,45.5719,1.3409,0.2439
all_daylight,trees_all,4,180min,2942,86.8309,49.7119,2.7257,0.2442
all_daylight,trees_all,4,mean,20397,69.2143,38.9609,0.3739,0.2008
all_daylight,step4_average,0,30min,3857,46.9901,27.1709,-0.2876,0.1346
all_daylight,step4_average,0,60min,3674,59.8009,34.1346,1.6487,0.1511
all_daylight,step4_average,0,90min,3491,68.5723,39.5016,1.9958,0.1856
all_daylight,step4_average,0,120min,3308,73.7574,42.7400,-0.0781,0.2254
all_daylight,step4_average,0,150min,3125,78.7986,45.2357,4.0281,0.2516
all_daylight,step4_average,0,180min,2942,84.0044,48.2615,2.1069,0.2688
all_daylight,step4_average,0,mean,20397,68.6540,39.5074,1.5690,0.2028
all_daylight,step4_average,1,30min,3857,47.2835,27.7616,4.8543,0.1292
all_daylight,step4_average,1,60min,3674,60.3266,34.8991,3.9522,0.1436
all_daylight,step4_average,1,90min,3491,68.6018,39.7905,4.8869,0.1853
all_daylight,step4_average,1,120min,3308,73.7693,43.7223,4.9264,0.2253
all_daylight,step4_average,1,150min,3125,78.2564,44.9884,2.9334,0.2568
all_daylight,step4_average,1,180min,2942,83.8281,49.5213,6.5653,0.2703
all_daylight,step4_average,1,mean,20397,68.6776,40.1139,4.6864,0.2017
all_daylight,step4_average,2,30min,3857,45.7920,25.8612,1.3178,0.1566
all_daylight,step4_average,2,60min,3674,59.4835,33.6274,2.0982,0.1556
all_daylight,step4_average,2,90min,3491,67.6122,38.8339,3.6584,0.1970
all_daylight,step4_average,2,120min,3308,73.4890,42.7740,2.9934,0.2283
all_daylight,step4_average,2,150min,3125,78.4073,45.2557,3.5781,0.2553
all_daylight,step4_average,2,180min,2942,83.3047,47.9077,3.5736,0.2749
all_daylight,step4_average,2,mean,20397,68.0148,39.0433,2.8699,0.2113
all_daylight,step4_average,3,30min,3857,45.8395,25.9011,5.2743,0.1558
all_daylight,step4_average,3,60min,3674,60.2634,36.9124,10.5722,0.1445
all_daylight,step4_average,3,90min,3491,68.6731,41.3233,10.8729,0.1844
all_daylight,step4_average,3,120min,3308,73.4558,42.9940,5.6330,0.2286
all_daylight,step4_average,3,150min,3125,78.6029,46.7852,10.5448,0.2535
all_daylight,step4_average,3,180min,2942,83.6780,50.2344,9.6901,0.2716
all_daylight,step4_average,3,mean,20397,68.4188,40.6917,8.7645,0.2064
all_daylight,step4_average,4,30min,3857,47.7827,28.1554,3.5259,0.1200
all_daylight,step4_average,4,60min,3674,60.8769,35.7805,5.5453,0.1358
all_daylight,step4_average,4,90min,3491,69.1879,40.9849,6.7150,0.1783
all_daylight,step4_average,4,120min,3308,74.3694,44.0701,4.2511,0.2190
all_daylight,step4_average,4,150min,3125,79.0755,46.8008,4.1332,0.2490
all_daylight,step4_average,4,180min,2942,83.8562,49.8703,5.7455,0.2701
all_daylight,step4_average,4,mean,20397,69.1915,40.9437,4.9860,0.1954
all_daylight,smart_persistence,na,30min,3857,54.2961,28.5681,1.1256,0.0000
all_daylight,smart_persistence,na,60min,3674,70.4420,39.3798,-0.4166,0.0000
all_daylight,smart_persistence,na,90min,3491,84.2029,48.2240,-2.2437,0.0000
all_daylight,smart_persistence,na,120min,3308,95.2249,55.5944,-4.0711,0.0000
all_daylight,smart_persistence,na,150min,3125,105.2929,62.0880,-5.5515,0.0000
all_daylight,smart_persistence,na,180min,2942,114.8817,68.4055,-6.7658,0.0000
all_daylight,smart_persistence,na,mean,20397,87.3901,50.3766,-2.9872,0.0000
