date,mean_kt,variability,n,coverage,sky
2014-01-02,1.0958365817977556,0.0695667228667477,44,1.0,partly_cloudy
2014-01-03,1.1100575624341973,0.009443307431754446,44,1.0,clear
2014-01-04,1.1374054470727883,0.007548034519737698,44,1.0,clear
2014-01-05,1.111783544890624,0.009943241740889756,44,1.0,clear
2014-01-06,0.7103770735297941,0.22078737297057774,44,1.0,partly_cloudy
2014-01-07,0.9321872934252695,0.12976815745979323,44,1.0,partly_cloudy
2014-01-08,0.8179211672600036,0.19785242548153892,44,1.0,partly_cloudy
2014-01-09,0.8495429070287565,0.18270737384550564,45,1.0,partly_cloudy
2014-01-10,0.9928446194647074,0.07819540739731681,45,1.0,partly_cloudy
2014-01-11,0.23821947246575118,0.06126098688636233,45,1.0,partly_cloudy
2014-01-12,1.1300713734554804,0.03184788459043959,45,1.0,partly_cloudy
2014-01-13,1.1332272371940717,0.008152292445378496,45,1.0,clear
2014-01-14,1.1320199722386977,0.007804268920817552,45,1.0,clear
2014-01-15,1.1278547477408867,0.00816713500456338,45,1.0,clear
2014-01-16,1.1551979679781659,0.006303178472235876,45,1.0,clear
2014-01-17,1.154269478247594,0.005983941857430889,46,1.0,clear
2014-01-18,1.149401166133379,0.0060995493085865965,46,1.0,clear
2014-01-19,1.1443025411599665,0.006671093888762793,47,1.0,clear
2014-01-20,1.1460292911794439,0.09793846952248862,47,1.0,partly_cloudy
2014-01-21,1.0821777120685683,0.09919642027528557,47,1.0,partly_cloudy
2014-01-22,1.130016245072734,0.007751488459629724,47,1.0,clear
2014-01-23,1.1039673052417434,0.011908795408912118,47,1.0,clear
2014-01-24,1.0908510034546288,0.03158136186453222,47,1.0,partly_cloudy
2014-01-25,1.0748800004196328,0.056822336118833354,48,1.0,partly_cloudy
2014-01-26,0.6088264723837836,0.060939352085971274,48,1.0,partly_cloudy
2014-01-27,0.750265521719577,0.1885509678446146,48,1.0,partly_cloudy
2014-01-28,0.7244892811940608,0.1121347887368196,48,1.0,partly_cloudy
2014-01-29,0.10755335434821979,0.021915175706383492,48,1.0,overcast
2014-01-30,,,0,,insufficient
2014-01-31,,,0,,insufficient
2014-02-01,,,0,,insufficient
2014-02-02,,,0,,insufficient
2014-02-03,,,0,,insufficient
2014-02-04,,,0,,insufficient
2014-02-05,0.9436768831330113,0.0708435455789526,50,1.0,partly_cloudy
2014-02-06,0.42012621260325667,0.08927768835504082,50,1.0,partly_cloudy
2014-02-07,0.15922548718492582,0.04032986167832727,50,1.0,partly_cloudy
2014-02-08,0.1402294339747551,0.026470238130766422,51,1.0,overcast
2014-02-09,0.15564730529388315,0.050089303138490325,52,1.0,partly_cloudy
2014-02-10,0.5626621749359528,0.18153911874903886,52,1.0,partly_cloudy
2014-02-11,0.9426003997013465,0.11784542687780299,52,1.0,partly_cloudy
2014-02-12,0.8054064126706708,0.1469534606750436,52,1.0,partly_cloudy
2014-02-13,,,0,,insufficient
2014-02-14,,,0,,insufficient
2014-02-15,,,0,,insufficient
2014-02-16,,,0,,insufficient
2014-02-17,,,0,,insufficient
2014-02-18,,,0,,insufficient
2014-02-19,0.8658010164550727,0.24947231038956094,54,1.0,partly_cloudy
2014-02-20,0.9828795793084772,0.15693564637117435,54,1.0,partly_cloudy
2014-02-21,1.0860649892325582,0.021130698130666346,54,1.0,clear
2014-02-22,1.0803793097608796,0.03395285785041778,55,1.0,partly_cloudy
2014-02-23,1.099719494270275,0.008409110167242101,55,1.0,clear
2014-02-24,1.0919189824929023,0.01000010221336018,56,1.0,clear
2014-02-25,1.007235380015828,0.09390415705680553,56,1.0,partly_cloudy
2014-02-26,0.338054249929885,0.11363515585678403,56,1.0,partly_cloudy
2014-02-27,0.5257094660346536,0.2117031993217791,56,1.0,partly_cloudy
2014-02-28,0.09375934059887049,0.04943175211467196,56,1.0,partly_cloudy
2014-03-01,0.7369886757253483,0.16087505450217301,57,1.0,partly_cloudy
2014-03-02,0.2181157075004167,0.05964173636132023,57,1.0,partly_cloudy
2014-03-03,0.2858906589253306,0.04345066509108171,57,1.0,partly_cloudy
2014-03-04,0.7194687088434969,0.11660509041075645,57,1.0,partly_cloudy
2014-03-05,0.508166801305417,0.08117946406087372,58,1.0,partly_cloudy
2014-03-06,0.8567177626995425,0.17687583261565856,58,1.0,partly_cloudy
2014-03-07,1.0785786140900722,0.08001773429931185,59,1.0,partly_cloudy
2014-03-08,0.9836069914683505,0.15683084535055086,59,1.0,partly_cloudy
2014-03-09,0.4098739517807504,0.07459072737641925,59,1.0,partly_cloudy
2014-03-10,0.9386936050452878,0.17757262362441706,59,1.0,partly_cloudy
2014-03-11,1.1015398937580756,0.008011181913636523,59,1.0,clear
2014-03-12,1.1114168234016815,0.007378387197831343,59,1.0,clear
2014-03-13,1.1090756435433464,0.015325532460961286,59,1.0,clear
2014-03-14,1.0253068625253279,0.11310052600801,61,1.0,partly_cloudy
2014-03-15,1.0730231386395113,0.008831574408062497,61,1.0,clear
2014-03-16,1.0557189681899557,0.05409523259508009,61,1.0,partly_cloudy
2014-03-17,1.071513095295225,0.009661652401935172,61,1.0,clear
2014-03-18,1.0862774127011559,0.020937074545329094,61,1.0,clear
2014-03-19,1.050248650104666,0.07936224428689506,61,1.0,partly_cloudy
2014-03-20,0.9975953784987122,0.07092872402545794,62,1.0,partly_cloudy
2014-03-21,0.9899137309872829,0.12695750245982304,62,1.0,partly_cloudy
2014-03-22,1.055710222442739,0.03205894602055714,62,1.0,partly_cloudy
2014-03-23,1.0573167205772858,0.0105838242651245,62,1.0,clear
2014-03-24,1.0608303873609042,0.017764911519175045,63,1.0,clear
2014-03-25,0.5471150393704378,0.14760329925185614,63,1.0,partly_cloudy
2014-03-26,0.3568860226574336,0.16030552080597246,64,1.0,partly_cloudy
2014-03-27,0.5786318125663036,0.19158871517221282,64,1.0,partly_cloudy
2014-03-28,0.6949176629547198,0.15465384660316045,64,1.0,partly_cloudy
2014-03-29,0.09215945742806621,0.023621096515436202,64,1.0,overcast
2014-03-30,0.9197730154516726,0.20777657535030053,64,1.0,partly_cloudy
2014-03-31,0.35699904758319323,0.09773721064326076,64,1.0,partly_cloudy
2014-04-01,0.3361814559469401,0.11336744518999173,64,1.0,partly_cloudy
2014-04-02,1.0105410513262387,0.19702573969835524,65,1.0,partly_cloudy
2014-04-03,0.9322508266314607,0.13003277370498453,65,1.0,partly_cloudy
2014-04-04,0.6235437278568231,0.1745193969214558,66,1.0,partly_cloudy
2014-04-05,1.0690885515274287,0.010467326963131596,66,1.0,clear
2014-04-06,1.0503737810103277,0.0308293232969919,66,1.0,partly_cloudy
2014-04-07,1.057717617694668,0.010069212303457805,66,1.0,clear
2014-04-08,0.9829037302831645,0.08585763838333367,67,1.0,partly_cloudy
2014-04-09,0.9798376311655358,0.15329651209301,67,1.0,partly_cloudy
2014-04-10,1.0721297718389964,0.03077119556315744,67,1.0,partly_cloudy
2014-04-11,0.7695226517458815,0.09391902735346329,67,1.0,partly_cloudy
2014-04-12,1.0048254676779529,0.06448106695690396,67,1.0,partly_cloudy
2014-04-13,0.9493228779058293,0.07608539654490737,67,1.0,partly_cloudy
2014-04-14,1.042258214545452,0.0628083680305445,67,1.0,partly_cloudy
2014-04-15,1.059573453410888,0.06608007394428392,69,1.0,partly_cloudy
2014-04-16,0.9892805713611639,0.09885687211207184,69,1.0,partly_cloudy
2014-04-17,1.0433489612965718,0.0279737948894156,69,1.0,clear
2014-04-18,1.0026091599244058,0.1306802171513079,69,1.0,partly_cloudy
2014-04-19,1.0322001994642809,0.030781109834516925,69,1.0,partly_cloudy
2014-04-20,1.0442195436559514,0.027977016539363145,69,1.0,clear
2014-04-21,0.642846346507606,0.1259920877023541,69,1.0,partly_cloudy
2014-04-22,0.8458868302783329,0.3010257218209718,69,1.0,partly_cloudy
2014-04-23,1.0377450761174054,0.06138885787995423,70,1.0,partly_cloudy
2014-04-24,0.7530543199420205,0.13245764462044557,70,1.0,partly_cloudy
2014-04-25,0.20427574612634927,0.08832390713723741,70,1.0,partly_cloudy
2014-04-26,0.7123961260460014,0.21423940143124895,71,1.0,partly_cloudy
2014-04-27,0.7027955888671674,0.17905042415357775,71,1.0,partly_cloudy
2014-04-28,1.0693516579272309,0.009422401230257896,71,1.0,clear
2014-04-29,1.0734854886469747,0.02112870965240974,71,1.0,clear
2014-04-30,1.0597274257751435,0.031015560905912915,71,1.0,partly_cloudy
2014-05-01,1.017174042340822,0.11836452442579373,71,1.0,partly_cloudy
2014-05-02,1.019994542512594,0.11065260718528865,72,1.0,partly_cloudy
2014-05-03,1.0609029195004949,0.04125240933719783,72,1.0,partly_cloudy
2014-05-04,0.9013629074353405,0.10102518815538811,72,1.0,partly_cloudy
2014-05-05,0.7575991955958572,0.2991652293713043,72,1.0,partly_cloudy
2014-05-06,0.9472332310035356,0.20785520972939633,72,1.0,partly_cloudy
2014-05-07,1.0157704987110654,0.09873829547620329,72,1.0,partly_cloudy
2014-05-08,0.5898987555989241,0.12375242075738462,73,1.0,partly_cloudy
2014-05-09,0.9164006424210813,0.21896908233250148,73,1.0,partly_cloudy
2014-05-10,1.0782744825922435,0.09246141573912932,73,1.0,partly_cloudy
2014-05-11,1.1023998239744823,0.018347250408509708,73,1.0,clear
2014-05-12,1.0739016505969297,0.09026024190063889,74,1.0,partly_cloudy
2014-05-13,1.0629178514627107,0.045208420301168485,74,1.0,partly_cloudy
2014-05-14,1.0601212442861203,0.04280987898275068,74,1.0,partly_cloudy
2014-05-15,0.9519207820071127,0.10924702149193517,74,1.0,partly_cloudy
2014-05-16,1.0536578693341225,0.07723753047732952,74,1.0,partly_cloudy
2014-05-17,0.9151962356543567,0.12025464246691833,74,1.0,partly_cloudy
2014-05-18,0.9939802878478687,0.10048217313406022,74,1.0,partly_cloudy
2014-05-19,0.8045383882630112,0.19928105909992272,74,1.0,partly_cloudy
2014-05-20,0.5222503315953579,0.1461216292603678,74,1.0,partly_cloudy
2014-05-21,0.9990101116002355,0.08497960280401352,75,1.0,partly_cloudy
2014-05-22,1.0627780966646472,0.012020941108052102,75,1.0,clear
2014-05-23,0.9993888878967055,0.13510792026637083,75,1.0,partly_cloudy
2014-05-24,1.0284117981846,0.027110621366091336,75,1.0,clear
2014-05-25,1.0358385748500771,0.08391010797017089,75,1.0,partly_cloudy
2014-05-26,1.0750449360823486,0.008526170242139084,75,1.0,clear
2014-05-27,1.09118685099381,0.007615103619170045,75,1.0,clear
2014-05-28,1.1145768063689272,0.0070372042126583476,76,1.0,clear
2014-05-29,1.097763012204038,0.015966023383262053,76,1.0,clear
2014-05-30,1.0183883613936746,0.10597530484350354,76,1.0,partly_cloudy
2014-05-31,1.0819805725055325,0.00864338846901991,76,1.0,clear
2014-06-01,1.086925482398581,0.007886268920118934,76,1.0,clear
2014-06-02,1.0720696545316502,0.008583141922632783,76,1.0,clear
2014-06-03,1.0274355728389322,0.029820156542018944,76,1.0,clear
2014-06-04,1.0801913767988904,0.008006267003972856,76,1.0,clear
2014-06-05,1.0588570502328822,0.009704918164340898,76,1.0,clear
2014-06-06,1.0559485590063962,0.009767493169454546,77,1.0,clear
2014-06-07,1.0643487851583668,0.009193823905888484,77,1.0,clear
2014-06-08,1.0694800832068896,0.00825454689363026,77,1.0,clear
2014-06-09,1.0753745048747048,0.010262187723549825,77,1.0,clear
2014-06-10,1.0639992053064893,0.0089460630274508,77,1.0,clear
2014-06-11,1.0637428148631787,0.008569803781779968,77,1.0,clear
2014-06-12,1.0916966465941458,0.008163084129638648,77,1.0,clear
2014-06-13,1.0913197934444017,0.007311292210433576,77,1.0,clear
2014-06-14,0.936722642280285,0.08863380471312442,77,1.0,partly_cloudy
2014-06-15,0.9546115005493406,0.08242434986967229,77,1.0,partly_cloudy
2014-06-16,1.034066127382556,0.04353331229390078,77,1.0,partly_cloudy
2014-06-17,1.0790701697531602,0.014182743704242622,77,1.0,clear
2014-06-18,1.1045636329857396,0.0070736261736119585,77,1.0,clear
2014-06-19,1.0428683583427814,0.1147142262437447,77,1.0,partly_cloudy
2014-06-20,1.0419439792814258,0.10378959751220848,77,1.0,partly_cloudy
2014-06-21,1.0427959377670306,0.06434150287142784,77,1.0,partly_cloudy
2014-06-22,1.078895351187113,0.035119457822709914,77,1.0,partly_cloudy
2014-06-23,1.066582807570526,0.017799648638055814,77,1.0,clear
2014-06-24,1.0593008809292888,0.03722071545940679,77,1.0,partly_cloudy
2014-06-25,0.85577136332303,0.09668402898737397,77,1.0,partly_cloudy
2014-06-26,0.905115128678903,0.09081886663795656,77,1.0,partly_cloudy
2014-06-27,1.0082402256591776,0.058960305175674604,77,1.0,partly_cloudy
2014-06-28,1.078688978441272,0.008335938249114746,76,1.0,clear
2014-06-29,1.067537438206654,0.008662126173647592,76,1.0,clear
2014-06-30,1.0334438408527027,0.08892095998495499,76,1.0,partly_cloudy
2014-07-01,1.0465422915875588,0.08443062416746354,76,1.0,partly_cloudy
2014-07-02,1.0627361135859514,0.009350292578349444,76,1.0,clear
2014-07-03,1.0436793889048708,0.01107499386713165,76,1.0,clear
2014-07-04,1.0767582492683339,0.008226318026053519,76,1.0,clear
2014-07-05,1.0790721225318756,0.009744648721972457,76,1.0,clear
2014-07-06,1.05837432194025,0.036289874097639396,76,1.0,partly_cloudy
2014-07-07,0.7428741641702281,0.22868585162270694,76,1.0,partly_cloudy
2014-07-08,0.9377439839373624,0.11912913913885499,76,1.0,partly_cloudy
2014-07-09,1.0514312600772393,0.009783468969387447,76,1.0,clear
2014-07-10,1.0268719512012394,0.08598998924872915,76,1.0,partly_cloudy
2014-07-11,1.0380501591865874,0.017953163111525068,76,1.0,clear
2014-07-12,1.0388301571285443,0.011559015209813147,76,1.0,clear
2014-07-13,1.0455727482634738,0.05895072312213785,76,1.0,partly_cloudy
2014-07-14,0.9568396123785918,0.14285678625141818,76,1.0,partly_cloudy
2014-07-15,0.8663314787803941,0.1742401732329801,76,1.0,partly_cloudy
2014-07-16,0.8822554809376909,0.1351810231433248,76,1.0,partly_cloudy
2014-07-17,0.9733464819922589,0.07145369520557504,75,1.0,partly_cloudy
2014-07-18,0.990985425754108,0.08385093302428821,75,1.0,partly_cloudy
2014-07-19,1.0231037674060877,0.10414296826911199,75,1.0,partly_cloudy
2014-07-20,0.47494135374827084,0.10930580908364053,75,1.0,partly_cloudy
2014-07-21,0.8687739757417954,0.16682117988571546,75,1.0,partly_cloudy
2014-07-22,0.8884052523967585,0.11599458249708362,74,1.0,partly_cloudy
2014-07-23,1.050591988445792,0.03829503627617947,74,1.0,partly_cloudy
2014-07-24,1.059679972230524,0.009872018135237897,74,1.0,clear
2014-07-25,1.0716579575343697,0.009067179552752496,74,1.0,clear
2014-07-26,1.0584224243993967,0.011204685620495142,74,1.0,clear
2014-07-27,0.8108792535793017,0.2141890575581087,74,1.0,partly_cloudy
2014-07-28,0.983927772812829,0.12268566860618653,74,1.0,partly_cloudy
2014-07-29,0.9521852859536222,0.17153407715538943,74,1.0,partly_cloudy
2014-07-30,0.8819049305442982,0.12460503108946906,74,1.0,partly_cloudy
2014-07-31,1.028168618193694,0.02677518208002551,74,1.0,clear
2014-08-01,1.0637957228995316,0.009966594113931847,73,1.0,clear
2014-08-02,1.0356608614498741,0.07849478235406497,73,1.0,partly_cloudy
2014-08-03,0.7432094570767958,0.09880072671812673,72,1.0,partly_cloudy
2014-08-04,0.32978765348770506,0.08425213789163308,72,1.0,partly_cloudy
2014-08-05,0.20119593570006836,0.05528668295004187,72,1.0,partly_cloudy
2014-08-06,0.8051961449973802,0.11204844667207206,72,1.0,partly_cloudy
2014-08-07,0.9717587839779901,0.010999037053552445,72,1.0,clear
2014-08-08,0.9893924546660262,0.07324946502040139,72,1.0,partly_cloudy
2014-08-09,1.0446221037534775,0.011438406482769205,72,1.0,clear
2014-08-10,0.8942599546978486,0.12109504908593263,72,1.0,partly_cloudy
2014-08-11,0.9803722787854484,0.13482673406937767,72,1.0,partly_cloudy
2014-08-12,0.9358934459597472,0.12970311459098804,72,1.0,partly_cloudy
2014-08-13,0.9791193319545411,0.1315794756094929,71,1.0,partly_cloudy
2014-08-14,1.0348457359023548,0.0116878552955682,70,1.0,clear
2014-08-15,1.043509616057702,0.011230123771393409,70,1.0,clear
2014-08-16,1.0658515378203817,0.009867359001870404,70,1.0,clear
2014-08-17,1.079278355442661,0.008714633717514993,70,1.0,clear
2014-08-18,1.059938079819545,0.010185144312427117,70,1.0,clear
2014-08-19,0.9757157881960499,0.04691352198894376,70,1.0,partly_cloudy
2014-08-20,0.885860315400559,0.03489010342587097,70,1.0,partly_cloudy
2014-08-21,1.0221624859077392,0.01267386062377762,69,1.0,clear
2014-08-22,1.0427371851582528,0.011160982691104113,69,1.0,clear
2014-08-23,1.0315261486117877,0.01182329690040312,69,1.0,clear
2014-08-24,1.027971617555873,0.01251133011889697,69,1.0,clear
2014-08-25,0.9750648773522559,0.06131459078422078,69,1.0,partly_cloudy
2014-08-26,1.015633103752789,0.013215117561809585,68,1.0,clear
2014-08-27,1.0280926946946651,0.01227387944660674,68,1.0,clear
2014-08-28,1.0222827047993561,0.012618217726486332,67,1.0,clear
2014-08-29,0.7038012233556293,0.2042924461008482,67,1.0,partly_cloudy
2014-08-30,1.034643255579797,0.06797926316681561,67,1.0,partly_cloudy
2014-08-31,1.0452461154167645,0.011346791690881534,67,1.0,clear
2014-09-01,1.0387953021175942,0.011553383407327724,67,1.0,clear
2014-09-02,1.0387297136897944,0.012412707864556293,67,1.0,clear
2014-09-03,1.0502793569751276,0.011103538988516825,67,1.0,clear
2014-09-04,1.0417235204971387,0.05310777304988387,66,1.0,partly_cloudy
2014-09-05,1.0349305243505533,0.012829928421428072,66,1.0,clear
2014-09-06,1.0367197665251822,0.012084588518060154,66,1.0,clear
2014-09-07,1.0466598187184393,0.011209603071781113,65,1.0,clear
2014-09-08,0.9783325549825177,0.13388925679039526,65,1.0,partly_cloudy
2014-09-09,1.0098462958199443,0.0195197070130436,65,1.0,clear
2014-09-10,1.0335640219483255,0.012212259281384601,65,1.0,clear
2014-09-11,1.041176734917703,0.014229697212558063,64,1.0,clear
2014-09-12,1.0330404093017915,0.03166474609979559,64,1.0,partly_cloudy
2014-09-13,1.0139682865366872,0.14703434326904766,64,1.0,partly_cloudy
2014-09-14,1.0284488197242347,0.012951095882806917,64,1.0,clear
2014-09-15,1.0334174053432468,0.06940318559358999,64,1.0,partly_cloudy
2014-09-16,1.0517439090194318,0.0808050861639852,64,1.0,partly_cloudy
2014-09-17,1.0249375074365035,0.013660905583361749,63,1.0,clear
2014-09-18,0.7362440397692223,0.22450704237723465,63,1.0,partly_cloudy
2014-09-19,0.7864992362633738,0.03847781556916225,62,1.0,partly_cloudy
2014-09-20,0.9375436049555553,0.1460680423138304,62,1.0,partly_cloudy
2014-09-21,0.45391415558253856,0.1666439734580687,62,1.0,partly_cloudy
2014-09-22,0.9469701588521372,0.07629348862310775,62,1.0,partly_cloudy
2014-09-23,1.0238903551282124,0.051298282686337425,61,1.0,partly_cloudy
2014-09-24,0.922650948291966,0.05520189023894785,61,1.0,partly_cloudy
2014-09-25,0.6120658115099132,0.09369420353985466,61,1.0,partly_cloudy
2014-09-26,0.9682503631774817,0.18344180379652877,61,1.0,partly_cloudy
2014-09-27,0.9439995100045872,0.14460482918946527,61,1.0,partly_cloudy
2014-09-28,0.4987165906325721,0.18531231413541116,61,1.0,partly_cloudy
2014-09-29,1.044750388780673,0.012158868672940566,59,1.0,clear
2014-09-30,1.0577543757948036,0.016396736139179163,59,1.0,clear
2014-10-01,1.1022806977989335,0.008174327188330261,59,1.0,clear
2014-10-02,1.0892643878395896,0.009067929687250094,59,1.0,clear
2014-10-03,1.083266784252386,0.009327242786118156,59,1.0,clear
2014-10-04,1.094659246846132,0.008604061282108857,59,1.0,clear
2014-10-05,1.0925511547424174,0.008825068003792713,59,1.0,clear
2014-10-06,1.0866751932891592,0.00936218902471534,58,1.0,clear
2014-10-07,1.0870370306857466,0.00932560117343861,58,1.0,clear
2014-10-08,1.0953010737676256,0.009425066193899228,58,1.0,clear
2014-10-09,1.0823025531697754,0.043228945063790526,57,1.0,partly_cloudy
2014-10-10,1.0364899065534323,0.11274881374238198,57,1.0,partly_cloudy
2014-10-11,1.0443686306357174,0.06874627131811467,57,1.0,partly_cloudy
2014-10-12,1.1073426756165392,0.008284087311869658,56,1.0,clear
2014-10-13,1.0561283162869703,0.07749380126164945,56,1.0,partly_cloudy
2014-10-14,0.7895816526714424,0.06417398862429811,56,1.0,partly_cloudy
2014-10-15,0.5194501478835977,0.11653785981185498,56,1.0,partly_cloudy
2014-10-16,0.8894727194375935,0.14992137371280345,56,1.0,partly_cloudy
2014-10-17,0.8862677954373763,0.2499422606597454,56,1.0,partly_cloudy
2014-10-18,1.067090138068091,0.010122190440611793,54,1.0,clear
2014-10-19,1.0785046194208163,0.010404841842255921,54,1.0,clear
2014-10-20,0.6627538344222464,0.23442498649967047,54,1.0,partly_cloudy
2014-10-21,1.0095366764900175,0.1367639314164503,54,1.0,partly_cloudy
2014-10-22,0.9601824108113883,0.1740786244373083,54,1.0,partly_cloudy
2014-10-23,0.7305440532703739,0.09150026161600312,54,1.0,partly_cloudy
2014-10-24,1.0611713128997626,0.043160919568484425,54,1.0,partly_cloudy
2014-10-25,0.5709811963862217,0.21010007893624613,53,1.0,partly_cloudy
2014-10-26,1.0736925415200038,0.07534400024721966,53,1.0,partly_cloudy
2014-10-27,1.0470899814312653,0.11903003424072911,52,1.0,partly_cloudy
2014-10-28,1.0819316865063455,0.01034174651889851,52,1.0,clear
2014-10-29,0.9902210781371662,0.16439533674329518,52,1.0,partly_cloudy
2014-10-30,0.8690341556302236,0.1951592024514427,52,1.0,partly_cloudy
2014-10-31,0.3069568704529364,0.08408453818929074,52,1.0,partly_cloudy
2014-11-01,0.6168224073138033,0.145996905413644,51,1.0,partly_cloudy
2014-11-02,1.1172699170261635,0.007993670372865368,51,1.0,clear
2014-11-03,1.053188752753811,0.09085032330637809,51,1.0,partly_cloudy
2014-11-04,1.0230226466693157,0.0695128465792877,50,1.0,partly_cloudy
2014-11-05,1.0901506848027964,0.03188591724760933,50,1.0,partly_cloudy
2014-11-06,1.0279390332063882,0.0666362803971012,50,1.0,partly_cloudy
2014-11-07,1.0882794109768943,0.011725642622778662,50,1.0,clear
2014-11-08,1.0119026801593143,0.09233366893656607,50,1.0,partly_cloudy
2014-11-09,1.0795083022904814,0.014630218177573864,49,1.0,clear
2014-11-10,1.0940039449203376,0.009851723733728513,49,1.0,clear
2014-11-11,0.4816159559721269,0.12484413136874332,48,1.0,partly_cloudy
2014-11-12,0.720168684013128,0.1532463774189136,48,1.0,partly_cloudy
2014-11-13,0.18596139066822506,0.03319942468730909,48,1.0,partly_cloudy
2014-11-14,0.8232485915697981,0.23860481286593868,48,1.0,partly_cloudy
2014-11-15,0.8992215374021999,0.19887481248571576,48,1.0,partly_cloudy
2014-11-16,0.8759443193788475,0.17814142558888885,48,1.0,partly_cloudy
2014-11-17,1.1146879424634855,0.020644818696841195,48,1.0,clear
2014-11-18,0.7016003899041084,0.1819840412843698,48,1.0,partly_cloudy
2014-11-19,0.3006087985722651,0.0718308173220414,46,1.0,partly_cloudy
2014-11-20,0.14167174454241074,0.050739375439746374,46,1.0,partly_cloudy
2014-11-21,0.8150176768895036,0.1633786758842461,46,1.0,partly_cloudy
2014-11-22,0.18994107293810328,0.05284421744106695,46,1.0,partly_cloudy
2014-11-23,0.6810345504578688,0.13165948602566357,46,1.0,partly_cloudy
2014-11-24,1.1132300936104553,0.030813877913902842,46,1.0,partly_cloudy
2014-11-25,1.0938394471834278,0.013579694372836423,46,1.0,clear
2014-11-26,1.06951255044939,0.06919376713796944,46,1.0,partly_cloudy
2014-11-27,1.0691254065541902,0.09803064177969566,45,1.0,partly_cloudy
2014-11-28,0.9810335091362378,0.1106800621712245,45,1.0,partly_cloudy
2014-11-29,0.38558166536952754,0.12405285840454672,45,1.0,partly_cloudy
2014-11-30,0.2370449088817548,0.06685112113985284,45,1.0,partly_cloudy
2014-12-01,0.8644784220720149,0.16753147167948854,45,1.0,partly_cloudy
2014-12-02,0.2163218358719312,0.11023442953268925,45,1.0,partly_cloudy
2014-12-03,0.3367671661260676,0.18428076852057673,45,1.0,partly_cloudy
2014-12-04,0.7534130301859144,0.2418570303810552,45,1.0,partly_cloudy
2014-12-05,0.5270722212536036,0.07563757069000025,45,1.0,partly_cloudy
2014-12-06,0.8390020333319086,0.1805238037738102,44,1.0,partly_cloudy
2014-12-07,0.6497396700132169,0.11474241060803418,44,1.0,partly_cloudy
2014-12-08,0.5794888420706849,0.09295087719930206,44,1.0,partly_cloudy
2014-12-09,0.5620837375785293,0.13785013040459837,44,1.0,partly_cloudy
2014-12-10,0.4256450776027767,0.08523523271001673,44,1.0,partly_cloudy
2014-12-11,0.05928078295333683,0.014131646594336073,44,1.0,overcast
2014-12-12,0.4782179160054534,0.16228050960922216,44,1.0,partly_cloudy
2014-12-13,0.43870949956587296,0.18295980428899808,44,1.0,partly_cloudy
2014-12-14,0.5543962722742389,0.2033817814328936,44,1.0,partly_cloudy
2014-12-15,0.145340644537294,0.02765441553709589,44,1.0,overcast
2014-12-16,0.8790908242087535,0.21451102913504025,44,1.0,partly_cloudy
2014-12-17,0.4334535348429055,0.16884205901631594,43,1.0,partly_cloudy
2014-12-18,0.8566039825895685,0.11937529146957214,43,1.0,partly_cloudy
2014-12-19,0.09566854090531168,0.028097811674638682,43,1.0,overcast
2014-12-20,0.3149970295393562,0.09046995235811717,43,1.0,partly_cloudy
2014-12-21,0.4593979937374312,0.08574110414751891,43,1.0,partly_cloudy
2014-12-22,0.6657057560757226,0.13764688755729632,43,1.0,partly_cloudy
2014-12-23,1.0007564799447182,0.1852266372778606,43,1.0,partly_cloudy
2014-12-24,0.19164936638682162,0.05801838906518549,43,1.0,partly_cloudy
2014-12-25,1.1439244547350074,0.006921503096125084,43,1.0,clear
2014-12-26,1.1573377192016936,0.005916246233774834,43,1.0,clear
2014-12-27,1.0496591073328727,0.10894566964736356,43,1.0,partly_cloudy
2014-12-28,1.127736891881678,0.00843464255967277,43,1.0,clear
2014-12-29,0.36439710915024204,0.06181952518870094,43,1.0,partly_cloudy
2014-12-30,1.1232857217297132,0.10809224738748129,44,1.0,partly_cloudy
2014-12-31,1.1664598662766072,0.006470490271519321,44,1.0,clear
2015-01-01,1.1192371807148254,0.010034886180584256,44,1.0,clear
2015-01-02,1.1258907715972255,0.02734649819349202,44,1.0,clear
2015-01-03,1.1056673717940344,0.04514231768101016,44,1.0,partly_cloudy
2015-01-04,0.8065113778134293,0.14470215152405527,44,1.0,partly_cloudy
2015-01-05,0.9976806274696233,0.08972678101199665,44,1.0,partly_cloudy
2015-01-06,1.1191212552814471,0.009190491690324482,44,1.0,clear
2015-01-07,1.131504560203354,0.007920814303828329,44,1.0,clear
2015-01-08,1.03355331917954,0.12939593964297558,44,1.0,partly_cloudy
2015-01-09,0.35956743428508764,0.02573196919673602,45,1.0,overcast
2015-01-10,0.8052401510906854,0.16134932984524522,45,1.0,partly_cloudy
2015-01-11,0.99970478698611,0.08400372981672692,45,1.0,partly_cloudy
2015-01-12,0.8358510304608099,0.13729433417135417,45,1.0,partly_cloudy
2015-01-13,0.8976729649049882,0.09233459650874291,45,1.0,partly_cloudy
2015-01-14,1.0633474280017952,0.07811726212340157,45,1.0,partly_cloudy
2015-01-15,0.8816158712129021,0.1478050309775651,45,1.0,partly_cloudy
2015-01-16,0.5509528200207031,0.14477114963267493,45,1.0,partly_cloudy
2015-01-17,0.3560502947723956,0.13867564023019383,45,1.0,partly_cloudy
2015-01-18,0.4958690492579697,0.14966524372921308,46,1.0,partly_cloudy
2015-01-19,0.260223106551669,0.03059821831097332,47,1.0,partly_cloudy
2015-01-20,0.17440116099570085,0.028507739944241092,47,1.0,overcast
2015-01-21,0.9226785970212174,0.17354680070398384,47,1.0,partly_cloudy
2015-01-22,0.6339235957621377,0.2053324615035357,47,1.0,partly_cloudy
2015-01-23,0.641357316799447,0.07074062407773136,47,1.0,partly_cloudy
2015-01-24,0.6481883716598237,0.08047802592344931,47,1.0,partly_cloudy
2015-01-25,0.9550461045588333,0.08735713473349095,48,1.0,partly_cloudy
2015-01-26,0.867821300575756,0.2289717158377431,48,1.0,partly_cloudy
2015-01-27,0.47266642225677385,0.07467884391517574,48,1.0,partly_cloudy
2015-01-28,1.0457652728691011,0.09464349033492256,48,1.0,partly_cloudy
2015-01-29,1.0128168520879617,0.09371640890214974,48,1.0,partly_cloudy
2015-01-30,1.07470438199737,0.011664526712796608,49,1.0,clear
2015-01-31,1.143469947456023,0.006458796192892577,49,1.0,clear
2015-02-01,0.8938921735877101,0.14401338561755408,49,1.0,partly_cloudy
2015-02-02,0.8076809218253836,0.1506139757487244,50,1.0,partly_cloudy
2015-02-03,0.8218427141994635,0.1457080810398188,50,1.0,partly_cloudy
2015-02-04,0.8199998056075865,0.1606878321730314,50,1.0,partly_cloudy
2015-02-05,0.47640309234799944,0.08595183554036519,50,1.0,partly_cloudy
2015-02-06,0.08384284153315685,0.04504954854355643,50,1.0,partly_cloudy
2015-02-07,0.4339885843466962,0.19174835618781821,50,1.0,partly_cloudy
2015-02-08,0.1379045400611785,0.10359821376552071,51,1.0,partly_cloudy
2015-02-09,0.7685339883903348,0.3172971984886228,52,1.0,partly_cloudy
2015-02-10,0.980642314536071,0.138827567716293,52,1.0,partly_cloudy
2015-02-11,0.9212071800305494,0.11602937526230964,52,1.0,partly_cloudy
2015-02-12,1.0676057210358554,0.05230566679733187,52,1.0,partly_cloudy
2015-02-13,1.0932385953837744,0.057970279150792135,52,1.0,partly_cloudy
2015-02-14,1.0983368635687927,0.057237935634257456,52,1.0,partly_cloudy
2015-02-15,0.9627033742588958,0.13725734357834846,52,1.0,partly_cloudy
2015-02-16,1.0668553786966326,0.055093386033485486,53,1.0,partly_cloudy
2015-02-17,0.634891589679457,0.052751650067508635,54,1.0,partly_cloudy
2015-02-18,0.6842429696110179,0.09594766946940925,54,1.0,partly_cloudy
2015-02-19,0.5797464131372908,0.12486821477813681,54,1.0,partly_cloudy
2015-02-20,0.5887422383257208,0.07953699307571513,54,1.0,partly_cloudy
2015-02-21,0.2321489968962837,0.023241154992108718,54,1.0,overcast
2015-02-22,0.959757104977773,0.10908842404873273,54,1.0,partly_cloudy
2015-02-23,1.0859554104278646,0.06310543523449262,55,1.0,partly_cloudy
2015-02-24,1.1016666057489084,0.019277426438152365,55,1.0,clear
2015-02-25,0.9904049360804471,0.11407416359319887,56,1.0,partly_cloudy
2015-02-26,1.0125053509864281,0.12029726140812555,56,1.0,partly_cloudy
2015-02-27,0.9324191884757108,0.19490920195562805,56,1.0,partly_cloudy
2015-02-28,0.6194106645272989,0.15058052989271453,56,1.0,partly_cloudy
2015-03-01,1.077698545162523,0.00996262784685989,57,1.0,clear
2015-03-02,0.6988948674261928,0.14790379190869374,57,1.0,partly_cloudy
2015-03-03,1.0600220918340644,0.08764734055981219,57,1.0,partly_cloudy
2015-03-04,1.087751091654436,0.00916189817157949,57,1.0,clear
2015-03-05,1.0814748067499262,0.01022950700159353,58,1.0,clear
2015-03-06,1.0900539864012257,0.009003694821537933,58,1.0,clear
2015-03-07,1.065490170336403,0.016426203046946246,58,1.0,clear
2015-03-08,1.0635194379833994,0.07029493622703374,59,1.0,partly_cloudy
2015-03-09,1.0759147722041047,0.010404068752151878,59,1.0,clear
2015-03-10,0.7205155086843058,0.12172947320884035,59,1.0,partly_cloudy
2015-03-11,0.33547383374665307,0.11491565276297308,59,1.0,partly_cloudy
2015-03-12,0.9981803223149642,0.04632964321628104,59,1.0,partly_cloudy
2015-03-13,0.9334866910464682,0.11847540782294129,59,1.0,partly_cloudy
2015-03-14,0.884998828240425,0.15419346355806798,61,1.0,partly_cloudy
2015-03-15,0.902744688742308,0.1610608703888095,61,1.0,partly_cloudy
2015-03-16,0.6091462307224055,0.09239870812288543,61,1.0,partly_cloudy
2015-03-17,1.0243522666612792,0.07440602803714069,61,1.0,partly_cloudy
2015-03-18,1.035030253398534,0.08912949771346464,61,1.0,partly_cloudy
2015-03-19,1.056801657469107,0.05738474804174192,61,1.0,partly_cloudy
2015-03-20,0.725956947862661,0.15017069519607887,62,1.0,partly_cloudy
2015-03-21,0.9204728255175879,0.09068936925443548,62,1.0,partly_cloudy
2015-03-22,0.6583675220089649,0.15725463787147578,62,1.0,partly_cloudy
2015-03-23,0.7822685148275912,0.17338946968231686,62,1.0,partly_cloudy
2015-03-24,0.6874133882048595,0.16797079709665322,63,1.0,partly_cloudy
2015-03-25,1.0124363760693058,0.12144764487783072,63,1.0,partly_cloudy
2015-03-26,1.044444554769447,0.011537999646604439,64,1.0,clear
2015-03-27,1.0474694014900543,0.011499577063330038,64,1.0,clear
2015-03-28,0.9513054290700798,0.1051969528834202,64,1.0,partly_cloudy
2015-03-29,1.0603194466998802,0.02866109432350005,64,1.0,clear
2015-03-30,0.9764901084006529,0.17289026899321736,64,1.0,partly_cloudy
2015-03-31,0.9800827890700476,0.1411033522567443,64,1.0,partly_cloudy
2015-04-01,0.9906562462708413,0.08999993713517386,64,1.0,partly_cloudy
2015-04-02,1.0647801662935517,0.010346532953421741,65,1.0,clear
2015-04-03,1.0573515996370613,0.017271863127463795,65,1.0,clear
2015-04-04,0.9112485464022916,0.060444271356538556,66,1.0,partly_cloudy
2015-04-05,0.42363057458777487,0.08199430017227016,66,1.0,partly_cloudy
2015-04-06,0.9254396753762398,0.0895217762278438,66,1.0,partly_cloudy
2015-04-07,0.32029645057961414,0.2033176479042083,66,1.0,partly_cloudy
2015-04-08,0.935109208357358,0.29684002339084903,66,1.0,partly_cloudy
2015-04-09,1.0016803908469933,0.09922146724096036,67,1.0,partly_cloudy
2015-04-10,1.0403535056045605,0.07442050114957888,67,1.0,partly_cloudy
2015-04-11,0.9722502036707075,0.10909359405785449,67,1.0,partly_cloudy
2015-04-12,1.0558260333571894,0.06560162082381446,67,1.0,partly_cloudy
2015-04-13,1.060533693030448,0.020426132588033455,67,1.0,clear
2015-04-14,1.0864663858485217,0.008506986380457503,67,1.0,clear
2015-04-15,1.080301628722041,0.013256554836556102,68,1.0,clear
2015-04-16,1.0933628553154482,0.008011244971398683,69,1.0,clear
2015-04-17,1.0844960346075092,0.008436218625549215,69,1.0,clear
2015-04-18,1.06161626458927,0.010123345826635028,69,1.0,clear
2015-04-19,0.9785503163192806,0.03910656621458354,69,1.0,partly_cloudy
2015-04-20,0.8835810156482169,0.08425294345633659,69,1.0,partly_cloudy
2015-04-21,0.6386575105816051,0.0847568038489125,69,1.0,partly_cloudy
2015-04-22,0.910241500029777,0.0885075619205638,69,1.0,partly_cloudy
2015-04-23,0.9633376801258042,0.07684918588679869,70,1.0,partly_cloudy
2015-04-24,0.7478707586048439,0.1690574734657261,70,1.0,partly_cloudy
2015-04-25,0.8356016759475186,0.22104519869927744,70,1.0,partly_cloudy
2015-04-26,1.046023424967308,0.031179158810512562,71,1.0,partly_cloudy
2015-04-27,1.0254887870594476,0.08564753341332429,71,1.0,partly_cloudy
2015-04-28,1.0413129234547356,0.04370518210464541,71,1.0,partly_cloudy
2015-04-29,1.0764642472663135,0.008627799958361534,71,1.0,clear
2015-04-30,1.0780957144317347,0.008946239023796106,71,1.0,clear
2015-05-01,1.0661164674248418,0.04300755754909033,71,1.0,partly_cloudy
2015-05-02,1.0523543693857396,0.009726140293811872,72,1.0,clear
2015-05-03,1.0734415434779327,0.008759432213104866,72,1.0,clear
2015-05-04,0.9577423198000825,0.04687784873440246,72,1.0,partly_cloudy
2015-05-05,0.9735476460369055,0.06327173684981208,72,1.0,partly_cloudy
2015-05-06,1.0459787829412035,0.016802367205355186,72,1.0,clear
2015-05-07,0.5224158072726347,0.11535884456187613,72,1.0,partly_cloudy
2015-05-08,1.0095319526740492,0.08440188310305016,73,1.0,partly_cloudy
2015-05-09,1.0448735913972322,0.016868596588466272,73,1.0,clear
2015-05-10,1.0283432917103572,0.051297053350952936,73,1.0,partly_cloudy
2015-05-11,0.9845188668262107,0.09435683504228651,73,1.0,partly_cloudy
2015-05-12,0.9923085386743538,0.12954715803280437,73,1.0,partly_cloudy
2015-05-13,0.9599883541188534,0.15026335528787949,74,1.0,partly_cloudy
2015-05-14,0.6225358526764797,0.17776189509858017,74,1.0,partly_cloudy
2015-05-15,0.8038937171495112,0.18034964338543877,74,1.0,partly_cloudy
2015-05-16,0.9877631879604701,0.11357498564321336,74,1.0,partly_cloudy
2015-05-17,0.7730636028669898,0.11515579348335374,74,1.0,partly_cloudy
2015-05-18,0.9620758973063164,0.10243623933600393,74,1.0,partly_cloudy
2015-05-19,0.9520604612860192,0.14258134084781304,74,1.0,partly_cloudy
2015-05-20,1.047186549254107,0.010434812163894821,74,1.0,clear
2015-05-21,0.7491484454309526,0.17889613415430652,75,1.0,partly_cloudy
2015-05-22,0.7813297544713976,0.21005643328005885,75,1.0,partly_cloudy
2015-05-23,0.8717384162586105,0.1578024600737835,75,1.0,partly_cloudy
2015-05-24,1.0447853510543588,0.010246228269617866,75,1.0,clear
2015-05-25,1.0294480675263578,0.05402179836207822,75,1.0,partly_cloudy
2015-05-26,0.9750593344501677,0.03997363843161296,75,1.0,partly_cloudy
2015-05-27,0.9406404436333903,0.042488873364508864,75,1.0,partly_cloudy
2015-05-28,0.8293002554951192,0.1600270651254313,75,1.0,partly_cloudy
2015-05-29,1.017769099750726,0.08311664182490602,76,1.0,partly_cloudy
2015-05-30,1.0508578549889,0.11248283027413074,76,1.0,partly_cloudy
2015-05-31,0.8775511488760342,0.1819079377685957,76,1.0,partly_cloudy
2015-06-01,1.0188060388514675,0.07848068302810862,76,1.0,partly_cloudy
2015-06-02,1.0191501128844596,0.06265424978105816,76,1.0,partly_cloudy
2015-06-03,0.8981034260789835,0.07510829497064825,76,1.0,partly_cloudy
2015-06-04,1.0535654841630682,0.04583688544625146,76,1.0,partly_cloudy
2015-06-05,0.9212978388897956,0.15656864206759333,76,1.0,partly_cloudy
2015-06-06,0.798396634773654,0.07815122553315158,77,1.0,partly_cloudy
2015-06-07,1.0292104693641888,0.011554545886322327,77,1.0,clear
2015-06-08,1.0357053561938214,0.010729227371299981,77,1.0,clear
2015-06-09,0.6607990765043465,0.13563092447260994,77,1.0,partly_cloudy
2015-06-10,0.2750471542408183,0.03709321033237029,77,1.0,partly_cloudy
2015-06-11,1.0341872325285322,0.011427058448447257,77,1.0,clear
2015-06-12,1.0563256210928256,0.009705299435337631,77,1.0,clear
2015-06-13,1.0613352330524677,0.009169785079900447,77,1.0,clear
2015-06-14,1.0847530511081926,0.0074872715963248725,77,1.0,clear
2015-06-15,1.08261917220408,0.007726385183996586,77,1.0,clear
2015-06-16,1.0825208027535027,0.05368444969913716,77,1.0,partly_cloudy
2015-06-17,0.9642281998818436,0.13235219870218579,77,1.0,partly_cloudy
2015-06-18,1.095974648604358,0.007373035110034587,77,1.0,clear
2015-06-19,1.0822096727886035,0.033361290237483424,77,1.0,partly_cloudy
2015-06-20,1.0331299987522855,0.09734730217109709,77,1.0,partly_cloudy
2015-06-21,1.095646562550879,0.007248348237692272,77,1.0,clear
2015-06-22,1.0735191403081932,0.00857653044818665,77,1.0,clear
2015-06-23,1.0639204323770446,0.009213855957595631,77,1.0,clear
2015-06-24,1.0253323967345511,0.07215558699997728,77,1.0,partly_cloudy
2015-06-25,1.024730823846691,0.017138623889767408,77,1.0,clear
2015-06-26,1.000879389525536,0.08154532051257553,77,1.0,partly_cloudy
2015-06-27,0.834400791559643,0.24568641707702527,77,1.0,partly_cloudy
2015-06-28,0.7478482732705828,0.16989052185981415,77,1.0,partly_cloudy
2015-06-29,0.9984277971469778,0.09677877339680904,76,1.0,partly_cloudy
2015-06-30,1.0099465707024284,0.09147757680517513,76,1.0,partly_cloudy
2015-07-01,0.7725717926820401,0.13358453559456648,76,1.0,partly_cloudy
2015-07-02,0.8059568430088176,0.12916680674715492,76,1.0,partly_cloudy
2015-07-03,0.8338607465970336,0.15048656473797584,76,1.0,partly_cloudy
2015-07-04,0.9232812261021804,0.1790029733992118,76,1.0,partly_cloudy
2015-07-05,1.0266266360883278,0.059645961736117074,76,1.0,partly_cloudy
2015-07-06,0.9512334145840766,0.062450637626040646,76,1.0,partly_cloudy
2015-07-07,0.9751066579425961,0.12537904881496673,76,1.0,partly_cloudy
2015-07-08,0.8812039026402669,0.14114106681775113,76,1.0,partly_cloudy
2015-07-09,0.6200983366159646,0.13529752517706745,76,1.0,partly_cloudy
2015-07-10,0.7564264161035911,0.16196357882445658,76,1.0,partly_cloudy
2015-07-11,1.000833521418487,0.07025456270657923,76,1.0,partly_cloudy
2015-07-12,0.832374835425221,0.0924721727678089,76,1.0,partly_cloudy
2015-07-13,0.9984478591700743,0.08890418394984387,76,1.0,partly_cloudy
2015-07-14,1.020227186487173,0.08439986333045721,76,1.0,partly_cloudy
2015-07-15,1.0478999933933126,0.010975898067231706,76,1.0,clear
2015-07-16,1.023727924746014,0.011721688573523624,76,1.0,clear
2015-07-17,1.0473618206318547,0.044994833946198826,76,1.0,partly_cloudy
2015-07-18,0.9610750942959055,0.07415954758743662,75,1.0,partly_cloudy
2015-07-19,0.9244337169191971,0.045426373561789544,75,1.0,partly_cloudy
2015-07-20,1.0163501699142123,0.015830717171899083,75,1.0,clear
2015-07-21,0.8831727352010711,0.08492510130365455,75,1.0,partly_cloudy
2015-07-22,1.0125013221308266,0.10498456103463218,74,1.0,partly_cloudy
2015-07-23,1.0467390333324922,0.1198320718239627,74,1.0,partly_cloudy
2015-07-24,1.0677480232523004,0.009567381178059275,74,1.0,clear
2015-07-25,1.0612630444794913,0.009232158339483714,74,1.0,clear
2015-07-26,1.0488567015764794,0.010501397134056872,74,1.0,clear
2015-07-27,1.0645584884001198,0.009463859242027825,74,1.0,clear
2015-07-28,1.0578375442309707,0.009760755822160396,74,1.0,clear
2015-07-29,1.0433880918391647,0.013924220113830554,74,1.0,clear
2015-07-30,0.9864151432339262,0.07650724110657763,74,1.0,partly_cloudy
2015-07-31,0.5978558475386657,0.19875968974294883,74,1.0,partly_cloudy
2015-08-01,0.9656156478637768,0.0218685731893237,73,1.0,clear
2015-08-02,0.9448225037619163,0.08764056411210254,73,1.0,partly_cloudy
2015-08-03,1.036687570975648,0.011160103451806092,73,1.0,clear
2015-08-04,0.7533069642673111,0.20014376197234712,72,1.0,partly_cloudy
2015-08-05,1.0580421851193749,0.010893945620460012,72,1.0,clear
2015-08-06,0.6003218278004203,0.10775496262067512,72,1.0,partly_cloudy
2015-08-07,0.8758378301078887,0.14322522382749966,72,1.0,partly_cloudy
2015-08-08,0.967672127776123,0.008978895312997634,72,1.0,clear
2015-08-09,1.0394739453178599,0.018357417738856716,72,1.0,clear
2015-08-10,0.9231652729914628,0.09386160746875459,72,1.0,partly_cloudy
2015-08-11,1.048694860352854,0.018179068744235652,72,1.0,clear
2015-08-12,1.051616838670665,0.010342221833199904,72,1.0,clear
2015-08-13,1.0518333549930392,0.010562617421272754,71,1.0,clear
2015-08-14,1.0622432961116524,0.011465562326975738,70,1.0,clear
2015-08-15,1.0731206145009216,0.07593634322389858,70,1.0,partly_cloudy
2015-08-16,1.0647884340810911,0.05107728766658709,70,1.0,partly_cloudy
2015-08-17,1.0342169944827027,0.047863743143972716,70,1.0,partly_cloudy
2015-08-18,1.030617950986062,0.053920834203073593,70,1.0,partly_cloudy
2015-08-19,1.0589767772482097,0.019462375001721616,70,1.0,clear
2015-08-20,0.9775466295222547,0.01646999588329159,70,1.0,clear
2015-08-21,0.9547101364169087,0.04539173784699513,69,1.0,partly_cloudy
2015-08-22,1.0381700189645493,0.011601155903797601,69,1.0,clear
2015-08-23,,,0,,insufficient
2015-08-24,1.0425918759142887,0.026871034897956357,69,1.0,clear
2015-08-25,1.0576624812662774,0.013373172094189013,69,1.0,clear
2015-08-26,0.9841363131351758,0.08575532983656825,68,1.0,partly_cloudy
2015-08-27,1.0064454918575556,0.05758532026587213,68,1.0,partly_cloudy
2015-08-28,0.8614125983298074,0.14448178920431343,68,1.0,partly_cloudy
2015-08-29,0.8527359154236926,0.17121634992861212,67,1.0,partly_cloudy
2015-08-30,1.0284336367188918,0.042405222946232446,67,1.0,partly_cloudy
2015-08-31,1.0391707094993965,0.011543418187486075,67,1.0,clear
2015-09-01,1.0291964770768778,0.021346877056114537,67,1.0,clear
2015-09-02,1.0343563671308145,0.011616870815326778,67,1.0,clear
2015-09-03,1.032957717535937,0.012614049494268711,67,1.0,clear
2015-09-04,1.0665505108398328,0.010212779856450457,67,1.0,clear
2015-09-05,1.066049687798232,0.015652778870611558,66,1.0,clear
2015-09-06,1.0345033341276058,0.05123600441492795,66,1.0,partly_cloudy
2015-09-07,1.0705646317104036,0.010001382467740938,65,1.0,clear
2015-09-08,1.037381371693043,0.015650579808435844,65,1.0,clear
2015-09-09,1.0392655823197638,0.01217456780579547,65,1.0,clear
2015-09-10,0.9450301361784306,0.11348670097503227,65,1.0,partly_cloudy
2015-09-11,0.8292373476621407,0.05443353677940795,64,1.0,partly_cloudy
2015-09-12,0.530022699744137,0.06631905675700846,64,1.0,partly_cloudy
2015-09-13,0.5719667043105436,0.13762451988510174,64,1.0,partly_cloudy
2015-09-14,0.49576366091863194,0.1528654789317697,64,1.0,partly_cloudy
2015-09-15,0.7175683079873685,0.10642079195936092,64,1.0,partly_cloudy
2015-09-16,0.5906397483335177,0.16237788927901278,64,1.0,partly_cloudy
2015-09-17,1.0204559902995551,0.1136875371852633,63,1.0,partly_cloudy
2015-09-18,1.0579044061652725,0.01098149921542672,63,1.0,clear
2015-09-19,1.060159303644024,0.01671036269282444,62,1.0,clear
2015-09-20,1.0459245607601853,0.026962729267396655,62,1.0,clear
2015-09-21,1.0653048874394582,0.010614846724243497,62,1.0,clear
2015-09-22,1.057596003481102,0.011022221816865026,62,1.0,clear
2015-09-23,1.0638901682661996,0.010684900261440361,62,1.0,clear
2015-09-24,0.9859968049675674,0.20288610799354295,61,1.0,partly_cloudy
2015-09-25,1.0195686685487655,0.061677892279671395,61,1.0,partly_cloudy
2015-09-26,1.027740152351637,0.039365691249101095,61,1.0,partly_cloudy
2015-09-27,0.8031503624263561,0.14269763074725608,61,1.0,partly_cloudy
2015-09-28,0.8356140951573832,0.18963326112572051,61,1.0,partly_cloudy
2015-09-29,0.7566593805506275,0.1446816348561708,61,1.0,partly_cloudy
2015-09-30,0.27938393536535855,0.0684124056776927,59,1.0,partly_cloudy
2015-10-01,0.6027638878027882,0.12328490605860067,59,1.0,partly_cloudy
2015-10-02,1.053494120555555,0.011813544225424116,59,1.0,clear
2015-10-03,1.0547556844985888,0.012219832738980297,59,1.0,clear
2015-10-04,0.9984263711902462,0.058646853221051114,59,1.0,partly_cloudy
2015-10-05,1.040617935975237,0.013019267395089656,59,1.0,clear
2015-10-06,1.034335614460633,0.02971893304694979,58,1.0,clear
2015-10-07,0.991647073025983,0.11197042567112037,58,1.0,partly_cloudy
2015-10-08,0.840520016549201,0.1665009304750739,58,1.0,partly_cloudy
2015-10-09,1.0745258056410334,0.01021326053127223,57,1.0,clear
2015-10-10,1.0627945788975661,0.011310735029134761,57,1.0,clear
2015-10-11,1.0702800225380473,0.010722036515821622,57,1.0,clear
2015-10-12,1.0716368071216713,0.010581253936579462,56,1.0,clear
2015-10-13,1.043424987416722,0.012955670394513901,56,1.0,clear
2015-10-14,0.9612820749854328,0.1499567035674857,56,1.0,partly_cloudy
2015-10-15,0.8055777500508005,0.14893189257607997,56,1.0,partly_cloudy
2015-10-16,0.952522942224751,0.06537943434544172,56,1.0,partly_cloudy
2015-10-17,0.4972359411496073,0.1889675036390384,56,1.0,partly_cloudy
2015-10-18,0.6390984798384617,0.24636929980981997,54,1.0,partly_cloudy
2015-10-19,0.998770550882151,0.1156390843500732,54,1.0,partly_cloudy
2015-10-20,1.0884464265921134,0.011796578841139563,54,1.0,clear
2015-10-21,1.0885981663694144,0.01002115290974359,54,1.0,clear
2015-10-22,0.9924425838787442,0.13168107965714942,54,1.0,partly_cloudy
2015-10-23,0.8881271288167873,0.12878705935872745,54,1.0,partly_cloudy
2015-10-24,0.8766450852510851,0.16335240117584787,54,1.0,partly_cloudy
2015-10-25,0.9335916949913686,0.08174453775802919,53,1.0,partly_cloudy
2015-10-26,1.0912443962058154,0.04057307865817035,53,1.0,partly_cloudy
2015-10-27,0.47557127719549686,0.10936771411296257,52,1.0,partly_cloudy
2015-10-28,0.7460775631449879,0.2238195281946153,52,1.0,partly_cloudy
2015-10-29,1.1010754886940224,0.009298377270683705,52,1.0,clear
2015-10-30,1.0839048457298701,0.010539825370565864,52,1.0,clear
2015-10-31,1.0602469704977124,0.012603527949202291,52,1.0,clear
2015-11-01,0.3042655814087856,0.09212800329723758,51,1.0,partly_cloudy
2015-11-02,0.2350272203255671,0.1378327944882999,51,1.0,partly_cloudy
2015-11-03,1.0320010485071287,0.2286069282335436,51,1.0,partly_cloudy
2015-11-04,1.1188435417960312,0.009025512845050498,50,1.0,clear
2015-11-05,0.945233571936868,0.2130765062164277,50,1.0,partly_cloudy
2015-11-06,1.110688892989937,0.00913498761190971,50,1.0,clear
2015-11-07,1.0870935896213483,0.06251556826190993,50,1.0,partly_cloudy
2015-11-08,0.4382790628031584,0.12909239589310406,50,1.0,partly_cloudy
2015-11-09,0.35110139971543397,0.12831086598415398,50,1.0,partly_cloudy
2015-11-10,1.0655175105658494,0.13859855694650028,49,1.0,partly_cloudy
2015-11-11,1.1019482581238111,0.00991851162283465,49,1.0,clear
2015-11-12,1.1090264966018684,0.009242506748370148,48,1.0,clear
2015-11-13,1.0765663896765856,0.012270583170408581,48,1.0,clear
2015-11-14,1.0940054008293478,0.010520957220203932,48,1.0,clear
2015-11-15,0.38092960716655183,0.22888622298609265,48,1.0,partly_cloudy
2015-11-16,1.1212759161313404,0.013052417618895647,48,1.0,clear
2015-11-17,0.8945227605564976,0.1942078797824577,48,1.0,partly_cloudy
2015-11-18,1.0129206047835109,0.09320871221601004,48,1.0,partly_cloudy
2015-11-19,1.0666582746593631,0.012894077720781813,47,1.0,clear
2015-11-20,1.0812116360882702,0.02067524836893127,46,1.0,clear
2015-11-21,1.0547290399662053,0.1069433646158798,46,1.0,partly_cloudy
2015-11-22,0.9538566427501116,0.1347736251500276,46,1.0,partly_cloudy
2015-11-23,0.8810296649947122,0.11499542370945001,46,1.0,partly_cloudy
2015-11-24,0.43482579246371567,0.09117738797363914,46,1.0,partly_cloudy
2015-11-25,0.8286881467004017,0.20670396002123065,46,1.0,partly_cloudy
2015-11-26,1.1071730364416816,0.009520897813091763,46,1.0,clear
2015-11-27,1.1308818104807261,0.007710419471477315,45,1.0,clear
2015-11-28,1.1368860119921265,0.007431693117913868,45,1.0,clear
2015-11-29,1.1353169324505563,0.007720121437253549,45,1.0,clear
2015-11-30,0.5818111332345584,0.15967163739826953,45,1.0,partly_cloudy
2015-12-01,0.9762412921329142,0.19284289382444963,45,1.0,partly_cloudy
2015-12-02,0.5011915815707761,0.08267529148860976,45,1.0,partly_cloudy
2015-12-03,0.26612686891556153,0.09542684866441481,45,1.0,partly_cloudy
2015-12-04,1.082380110392534,0.11585245309133067,45,1.0,partly_cloudy
2015-12-05,0.6545605614558602,0.1345845495605097,45,1.0,partly_cloudy
2015-12-06,0.5378439855158978,0.19223354513365679,44,1.0,partly_cloudy
2015-12-07,0.6345947043152042,0.1196657943698712,44,1.0,partly_cloudy
2015-12-08,0.299869342566125,0.04646028926628248,44,1.0,partly_cloudy
2015-12-09,0.6299116943949616,0.15146513193920863,44,1.0,partly_cloudy
2015-12-10,0.7179791821317618,0.24756324093641044,44,1.0,partly_cloudy
2015-12-11,0.8582236080921148,0.3728303224577063,44,1.0,partly_cloudy
2015-12-12,0.6692360934064421,0.1332320910937997,44,1.0,partly_cloudy
2015-12-13,0.2133998008384529,0.09121988124229784,44,1.0,partly_cloudy
2015-12-14,1.134943079615117,0.007886146936268344,44,1.0,clear
2015-12-15,1.1437685447613648,0.007000888425503293,44,1.0,clear
2015-12-16,1.0936985910186452,0.07626772946311812,44,1.0,partly_cloudy
2015-12-17,0.7712957074220009,0.217328810064829,43,1.0,partly_cloudy
2015-12-18,0.8645299179060145,0.09994474851659409,43,1.0,partly_cloudy
2015-12-19,0.5691914193464502,0.24780457649739532,43,1.0,partly_cloudy
2015-12-20,0.42611257245127465,0.08351445393381256,43,1.0,partly_cloudy
2015-12-21,0.07858140739706047,0.015474899763469108,43,1.0,overcast
2015-12-22,0.6629950273070815,0.1651476637967989,43,1.0,partly_cloudy
2015-12-23,1.104694596534863,0.030968371410102672,43,1.0,partly_cloudy
2015-12-24,0.4110385589371923,0.14236546600628427,43,1.0,partly_cloudy
2015-12-25,1.0942321940927673,0.11443168140449796,43,1.0,partly_cloudy
2015-12-26,1.15478355778634,0.006614486253578429,43,1.0,clear
2015-12-27,0.5869165187474588,0.16380114942773003,43,1.0,partly_cloudy
2015-12-28,0.6881020283077307,0.27167105336693204,43,1.0,partly_cloudy
2015-12-29,1.0889919910980348,0.11007388457286056,43,1.0,partly_cloudy
2015-12-30,0.8533169803934172,0.1836749589087591,43,1.0,partly_cloudy
