split,month,days,classified_days,clear,partly_cloudy,overcast,insufficient,clear_share,partly_cloudy_share,overcast_share
models_train,2014-01,30,28,12,15,1,2,0.42857142857142855,0.5357142857142857,0.03571428571428571
models_train,2014-02,28,18,3,14,1,10,0.16666666666666666,0.7777777777777778,0.05555555555555555
models_train,2014-03,31,31,8,22,1,0,0.25806451612903225,0.7096774193548387,0.03225806451612903
models_train,2014-04,30,30,6,24,0,0,0.2,0.8,0.0
models_train,2014-05,31,31,8,23,0,0,0.25806451612903225,0.7419354838709677,0.0
models_train,2014-06,30,30,18,12,0,0,0.6,0.4,0.0
models_train,2014-07,31,31,11,20,0,0,0.3548387096774194,0.6451612903225806,0.0
models_train,2014-08,31,31,16,15,0,0,0.5161290322580645,0.4838709677419355,0.0
models_train,2014-09,30,30,13,17,0,0,0.43333333333333335,0.5666666666666667,0.0
models_train,2014-10,31,31,12,19,0,0,0.3870967741935484,0.6129032258064516,0.0
models_train,2014-11,30,30,6,24,0,0,0.2,0.8,0.0
models_train,2014-12,31,31,4,24,3,0,0.12903225806451613,0.7741935483870968,0.0967741935483871
gate_fit,2015-01,31,31,6,23,2,0,0.1935483870967742,0.7419354838709677,0.06451612903225806
gate_fit,2015-02,28,28,1,26,1,0,0.03571428571428571,0.9285714285714286,0.03571428571428571
gate_fit,2015-03,31,31,9,22,0,0,0.2903225806451613,0.7096774193548387,0.0
gate_fit,2015-04,30,30,10,20,0,0,0.3333333333333333,0.6666666666666666,0.0
gate_fit,2015-05,31,31,6,25,0,0,0.1935483870967742,0.8064516129032258,0.0
gate_fit,2015-06,30,30,12,18,0,0,0.4,0.6,0.0
validation,2015-07,31,31,9,22,0,0,0.2903225806451613,0.7096774193548387,0.0
validation,2015-08,31,30,15,15,0,1,0.5,0.5,0.0
validation,2015-09,30,30,14,16,0,0,0.4666666666666667,0.5333333333333333,0.0
validation,2015-10,31,31,14,17,0,0,0.45161290322580644,0.5483870967741935,0.0
validation,2015-11,30,30,13,17,0,0,0.43333333333333335,0.5666666666666667,0.0
validation,2015-12,30,30,3,26,1,0,0.1,0.8666666666666667,0.03333333333333333
