budget_target,gate,rmse_gate,rmse_oracle,rmse_random,gap_to_oracle_Wm2,share_of_random_to_oracle_gap_closed
0.0000,fixed_interval,76.7101,76.7101,76.7101,0.0000,
0.0000,variability,76.7101,76.7101,76.7101,0.0000,
0.0000,uncertainty,76.7101,76.7101,76.7101,0.0000,
0.0000,learned,76.7101,76.7101,76.7101,0.0000,
0.0500,fixed_interval,76.6390,68.7105,76.4093,7.9285,-0.0298
0.0500,variability,76.1290,68.7105,76.4093,7.4185,0.0364
0.0500,uncertainty,74.8504,68.7105,76.4093,6.1399,0.2025
0.0500,learned,75.0217,68.7105,76.4093,6.3112,0.1802
0.1000,fixed_interval,76.1802,66.5716,76.1317,9.6086,-0.0051
0.1000,variability,75.5097,66.5716,76.1317,8.9381,0.0651
0.1000,uncertainty,73.8994,66.5716,76.1317,7.3278,0.2335
0.1000,learned,74.1699,66.5716,76.1317,7.5983,0.2052
0.1500,fixed_interval,75.8490,65.4942,75.8286,10.3548,-0.0020
0.1500,variability,74.9351,65.4942,75.8286,9.4409,0.0865
0.1500,uncertainty,73.3571,65.4942,75.8286,7.8629,0.2392
0.1500,learned,73.6297,65.4942,75.8286,8.1355,0.2128
0.2000,fixed_interval,75.5818,64.8619,75.5573,10.7199,-0.0023
0.2000,variability,74.5003,64.8619,75.5573,9.6384,0.0988
0.2000,uncertainty,72.9462,64.8619,75.5573,8.0843,0.2441
0.2000,learned,73.1756,64.8619,75.5573,8.3137,0.2227
0.2500,fixed_interval,75.3065,64.4523,75.2549,10.8542,-0.0048
0.2500,variability,74.3254,64.4523,75.2549,9.8731,0.0860
0.2500,uncertainty,72.6094,64.4523,75.2549,8.1571,0.2449
0.2500,learned,72.7926,64.4523,75.2549,8.3403,0.2279
0.3000,fixed_interval,75.0476,64.1862,74.9561,10.8614,-0.0085
0.3000,variability,73.5842,64.1862,74.9561,9.3980,0.1274
0.3000,uncertainty,72.2604,64.1862,74.9561,8.0742,0.2503
0.3000,learned,72.3969,64.1862,74.9561,8.2107,0.2376
0.4000,fixed_interval,74.4010,63.9002,74.3521,10.5008,-0.0047
0.4000,variability,72.5190,63.9002,74.3521,8.6188,0.1754
0.4000,uncertainty,71.6383,63.9002,74.3521,7.7381,0.2596
0.4000,learned,71.8855,63.9002,74.3521,7.9853,0.2360
0.5000,fixed_interval,73.8937,63.7939,73.7646,10.0998,-0.0129
0.5000,variability,71.7789,63.7939,73.7646,7.9850,0.1992
0.5000,uncertainty,71.2592,63.7939,73.7646,7.4653,0.2513
0.5000,learned,71.5249,63.7939,73.7646,7.7310,0.2246
0.6000,fixed_interval,73.1627,63.7688,73.1525,9.3939,-0.0011
0.6000,variability,71.4503,63.7688,73.1525,7.6815,0.1814
0.6000,uncertainty,71.0638,63.7688,73.1525,7.2950,0.2226
0.6000,learned,71.3156,63.7688,73.1525,7.5468,0.1958
0.7500,fixed_interval,72.4920,63.8144,72.2166,8.6776,-0.0328
0.7500,variability,71.0677,63.8144,72.2166,7.2533,0.1367
0.7500,uncertainty,70.9024,63.8144,72.2166,7.0880,0.1564
0.7500,learned,71.0170,63.8144,72.2166,7.2026,0.1428
1.0000,fixed_interval,70.6627,70.6627,70.6627,0.0000,
1.0000,variability,70.6627,70.6627,70.6627,0.0000,
1.0000,uncertainty,70.6627,70.6627,70.6627,0.0000,
1.0000,learned,70.6627,70.6627,70.6627,0.0000,
