month,hour,share_escalated,issue_times
1,8,0.6548,62
1,9,0.6613,62
1,10,0.6839,62
1,11,0.6984,61
1,12,0.6881,59
1,13,0.4065,62
1,14,0.0867,60
1,15,0.0097,62
1,16,0.0108,37
2,7,0.4727,11
2,8,0.4087,46
2,9,0.3909,44
2,10,0.4273,44
2,11,0.4208,48
2,12,0.4130,46
2,13,0.3739,46
2,14,0.2298,47
2,15,0.0292,48
2,16,0.0043,47
2,17,0.0000,10
3,6,0.2286,7
3,7,0.5193,57
3,8,0.5613,62
3,9,0.5935,62
3,10,0.6387,62
3,11,0.6000,62
3,12,0.6387,62
3,13,0.5710,62
3,14,0.3867,60
3,15,0.0800,60
3,16,0.0167,60
3,17,0.0227,44
4,6,0.3378,45
4,7,0.4138,58
4,8,0.4000,58
4,9,0.4172,58
4,10,0.4246,57
4,11,0.3492,59
4,12,0.4373,59
4,13,0.4567,60
4,14,0.4067,60
4,15,0.2567,60
4,16,0.0828,58
4,17,0.0067,60
4,18,0.0182,11
5,5,0.2696,23
5,6,0.4323,62
5,7,0.4871,62
5,8,0.4839,62
5,9,0.4484,62
5,10,0.4525,61
5,11,0.4710,62
5,12,0.4935,62
5,13,0.4885,61
5,14,0.4613,62
5,15,0.3194,62
5,16,0.1220,59
5,17,0.0000,62
5,18,0.0000,37
6,5,0.1600,30
6,6,0.1390,59
6,7,0.2105,57
6,8,0.1333,60
6,9,0.1967,60
6,10,0.2069,58
6,11,0.2133,60
6,12,0.2172,58
6,13,0.2034,59
6,14,0.2567,60
6,15,0.1667,60
6,16,0.0655,58
6,17,0.0100,60
6,18,0.0034,58
7,5,0.0222,18
7,6,0.0357,56
7,7,0.0596,57
7,8,0.0621,58
7,9,0.0316,57
7,10,0.0034,58
7,11,0.0000,58
7,12,0.0172,58
7,13,0.0207,58
7,14,0.0241,58
7,15,0.0138,58
7,16,0.0143,56
7,17,0.0069,58
7,18,0.0000,54
8,6,0.0702,57
8,7,0.0968,62
8,8,0.0772,57
8,9,0.0484,62
8,10,0.0276,58
8,11,0.0102,59
8,12,0.0000,60
8,13,0.0000,61
8,14,0.0067,60
8,15,0.0290,62
8,16,0.0000,58
8,17,0.0000,59
8,18,0.0000,23
9,6,0.1103,29
9,7,0.1288,59
9,8,0.1000,60
9,9,0.0800,60
9,10,0.1000,60
9,11,0.0500,60
9,12,0.0345,58
9,13,0.0237,59
9,14,0.0167,60
9,15,0.0034,59
9,16,0.0000,58
9,17,0.0000,42
10,7,0.4034,59
10,8,0.4164,61
10,9,0.4581,62
10,10,0.4806,62
10,11,0.4678,59
10,12,0.4623,61
10,13,0.3180,61
10,14,0.1323,62
10,15,0.0323,62
10,16,0.0000,51
10,17,0.0000,1
11,7,0.2455,22
11,8,0.3414,58
11,9,0.3789,57
11,10,0.3069,58
11,11,0.2571,56
11,12,0.2793,58
11,13,0.1103,58
11,14,0.0140,57
11,15,0.0000,58
11,16,0.0000,17
12,8,0.3030,33
12,9,0.1879,33
12,10,0.3312,32
12,11,0.3576,33
12,12,0.2235,34
12,13,0.0529,34
12,14,0.0000,34
12,15,0.0057,35
12,16,0.0000,2
