seed,gate,budget_target,outage_fraction,rmse_independent_outages,rmse_day_block_outages,share_kept_independent,share_kept_day_block
0,uncertainty,0.1000,0.0000,74.0969,74.0969,0.4126,0.4126
0,uncertainty,0.1000,0.1000,74.3412,74.3720,0.3707,0.3655
0,uncertainty,0.1000,0.2500,74.7061,74.7034,0.3082,0.3086
0,uncertainty,0.1000,0.5000,75.3101,75.3645,0.2046,0.1953
0,uncertainty,0.1000,1.0000,76.5033,76.5033,0.0000,0.0000
0,uncertainty,0.2500,0.0000,72.8781,72.8781,0.6216,0.6216
0,uncertainty,0.2500,0.1000,73.2489,73.2426,0.5580,0.5591
0,uncertainty,0.2500,0.2500,73.8016,73.8074,0.4633,0.4623
0,uncertainty,0.2500,0.5000,74.7133,74.6792,0.3069,0.3128
0,uncertainty,0.2500,1.0000,76.5033,76.5033,0.0000,0.0000
0,uncertainty,0.5000,0.0000,71.5155,71.5155,0.8553,0.8553
0,uncertainty,0.5000,0.1000,72.0304,72.0664,0.7670,0.7608
0,uncertainty,0.5000,0.2500,72.7956,72.7391,0.6358,0.6455
0,uncertainty,0.5000,0.5000,74.0527,73.9908,0.4202,0.4308
0,uncertainty,0.5000,1.0000,76.5033,76.5033,0.0000,0.0000
0,learned,0.1000,0.0000,74.1474,74.1474,0.4040,0.4040
0,learned,0.1000,0.1000,74.3865,74.3797,0.3630,0.3641
0,learned,0.1000,0.2500,74.7436,74.7071,0.3017,0.3080
0,learned,0.1000,0.5000,75.3350,75.3471,0.2003,0.1983
0,learned,0.1000,1.0000,76.5033,76.5033,0.0000,0.0000
0,learned,0.2500,0.0000,73.2012,73.2012,0.5662,0.5662
0,learned,0.2500,0.1000,73.5385,73.5546,0.5084,0.5056
0,learned,0.2500,0.2500,74.0413,74.0160,0.4222,0.4265
0,learned,0.2500,0.5000,74.8714,74.8093,0.2798,0.2905
0,learned,0.2500,1.0000,76.5033,76.5033,0.0000,0.0000
0,learned,0.5000,0.0000,71.4157,71.4157,0.8724,0.8724
0,learned,0.5000,0.1000,71.9417,71.9730,0.7822,0.7768
0,learned,0.5000,0.2500,72.7232,72.6951,0.6482,0.6530
0,learned,0.5000,0.5000,74.0061,74.0375,0.4282,0.4228
0,learned,0.5000,1.0000,76.5033,76.5033,0.0000,0.0000
0,variability,0.1000,0.0000,75.4629,75.4629,0.1784,0.1784
0,variability,0.1000,0.1000,75.5676,75.5675,0.1604,0.1605
0,variability,0.1000,0.2500,75.7244,75.6899,0.1336,0.1395
0,variability,0.1000,0.5000,75.9850,75.9755,0.0889,0.0905
0,variability,0.1000,1.0000,76.5033,76.5033,0.0000,0.0000
0,variability,0.2500,0.0000,74.6868,74.6868,0.3115,0.3115
0,variability,0.2500,0.1000,74.8706,74.8837,0.2800,0.2777
0,variability,0.2500,0.2500,75.1453,75.1433,0.2329,0.2332
0,variability,0.2500,0.5000,75.6009,75.5848,0.1547,0.1575
0,variability,0.2500,1.0000,76.5033,76.5033,0.0000,0.0000
0,variability,0.5000,0.0000,72.2304,72.2304,0.7327,0.7327
0,variability,0.5000,0.1000,72.6693,72.6686,0.6574,0.6575
0,variability,0.5000,0.2500,73.3226,73.2874,0.5454,0.5514
0,variability,0.5000,0.5000,74.3983,74.4168,0.3609,0.3578
0,variability,0.5000,1.0000,76.5033,76.5033,0.0000,0.0000
0,random,0.1000,0.0000,75.9412,75.9412,0.0964,0.0964
0,random,0.1000,0.1000,75.9976,75.9921,0.0867,0.0877
0,random,0.1000,0.2500,76.0822,76.0840,0.0722,0.0719
0,random,0.1000,0.5000,76.2228,76.2275,0.0481,0.0473
0,random,0.1000,1.0000,76.5033,76.5033,0.0000,0.0000
0,random,0.2500,0.0000,75.0899,75.0899,0.2424,0.2424
0,random,0.2500,0.1000,75.2324,75.2327,0.2179,0.2179
0,random,0.2500,0.2500,75.4458,75.4333,0.1813,0.1835
0,random,0.2500,0.5000,75.8000,75.7913,0.1206,0.1221
0,random,0.2500,1.0000,76.5033,76.5033,0.0000,0.0000
0,random,0.5000,0.0000,73.6480,73.6480,0.4896,0.4896
0,random,0.5000,0.1000,73.9387,73.9446,0.4398,0.4387
0,random,0.5000,0.2500,74.3726,74.3756,0.3654,0.3648
0,random,0.5000,0.5000,75.0899,75.0816,0.2424,0.2438
0,random,0.5000,1.0000,76.5033,76.5033,0.0000,0.0000
1,uncertainty,0.1000,0.0000,73.0380,73.0380,0.5475,0.5475
1,uncertainty,0.1000,0.1000,73.3390,73.3025,0.4918,0.4985
1,uncertainty,0.1000,0.2500,73.7881,73.7539,0.4086,0.4149
1,uncertainty,0.1000,0.5000,74.5307,74.5256,0.2710,0.2720
1,uncertainty,0.1000,1.0000,75.9940,75.9940,0.0000,0.0000
1,uncertainty,0.2500,0.0000,71.8954,71.8954,0.7591,0.7591
1,uncertainty,0.2500,0.1000,72.3158,72.3170,0.6813,0.6811
1,uncertainty,0.2500,0.2500,72.9418,72.9215,0.5653,0.5691
1,uncertainty,0.2500,0.5000,73.9733,73.9097,0.3743,0.3861
1,uncertainty,0.2500,1.0000,75.9940,75.9940,0.0000,0.0000
1,uncertainty,0.5000,0.0000,71.0936,71.0936,0.9077,0.9077
1,uncertainty,0.5000,0.1000,71.5988,71.6012,0.8141,0.8136
1,uncertainty,0.5000,0.2500,72.3501,72.3635,0.6749,0.6725
1,uncertainty,0.5000,0.5000,73.5849,73.6832,0.4462,0.4280
1,uncertainty,0.5000,1.0000,75.9940,75.9940,0.0000,0.0000
1,learned,0.1000,0.0000,73.3767,73.3767,0.4848,0.4848
1,learned,0.1000,0.1000,73.6426,73.6273,0.4355,0.4384
1,learned,0.1000,0.2500,74.0398,74.0378,0.3620,0.3623
1,learned,0.1000,0.5000,74.6969,74.7321,0.2403,0.2337
1,learned,0.1000,1.0000,75.9940,75.9940,0.0000,0.0000
1,learned,0.2500,0.0000,72.0930,72.0930,0.7226,0.7226
1,learned,0.2500,0.1000,72.4927,72.4996,0.6485,0.6472
1,learned,0.2500,0.2500,73.0880,73.1466,0.5383,0.5274
1,learned,0.2500,0.5000,74.0694,74.0191,0.3565,0.3658
1,learned,0.2500,1.0000,75.9940,75.9940,0.0000,0.0000
1,learned,0.5000,0.0000,71.3368,71.3368,0.8626,0.8626
1,learned,0.5000,0.1000,71.8162,71.8183,0.7738,0.7734
1,learned,0.5000,0.2500,72.5294,72.5587,0.6417,0.6363
1,learned,0.5000,0.5000,73.7025,73.6602,0.4244,0.4323
1,learned,0.5000,1.0000,75.9940,75.9940,0.0000,0.0000
1,variability,0.1000,0.0000,74.6025,74.6025,0.2577,0.2577
1,variability,0.1000,0.1000,74.7429,74.7438,0.2317,0.2316
1,variability,0.1000,0.2500,74.9529,74.9509,0.1928,0.1932
1,variability,0.1000,0.5000,75.3016,75.2791,0.1282,0.1324
1,variability,0.1000,1.0000,75.9940,75.9940,0.0000,0.0000
1,variability,0.2500,0.0000,73.4248,73.4248,0.4759,0.4759
1,variability,0.2500,0.1000,73.6858,73.6965,0.4275,0.4255
1,variability,0.2500,0.2500,74.0756,74.0809,0.3553,0.3544
1,variability,0.2500,0.5000,74.7207,74.7468,0.2359,0.2310
1,variability,0.2500,1.0000,75.9940,75.9940,0.0000,0.0000
1,variability,0.5000,0.0000,71.2541,71.2541,0.8779,0.8779
1,variability,0.5000,0.1000,71.7423,71.7194,0.7875,0.7918
1,variability,0.5000,0.2500,72.4684,72.4787,0.6530,0.6511
1,variability,0.5000,0.5000,73.6626,73.7530,0.4318,0.4151
1,variability,0.5000,1.0000,75.9940,75.9940,0.0000,0.0000
1,random,0.1000,0.0000,75.4717,75.4717,0.0968,0.0968
1,random,0.1000,0.1000,75.5241,75.5231,0.0870,0.0872
1,random,0.1000,0.2500,75.6026,75.6015,0.0725,0.0727
1,random,0.1000,0.5000,75.7333,75.7304,0.0483,0.0488
1,random,0.1000,1.0000,75.9940,75.9940,0.0000,0.0000
1,random,0.2500,0.0000,74.6812,74.6812,0.2432,0.2432
1,random,0.2500,0.1000,74.8135,74.8118,0.2186,0.2190
1,random,0.2500,0.2500,75.0116,75.0230,0.1820,0.1798
1,random,0.2500,0.5000,75.3405,75.3387,0.1210,0.1214
1,random,0.2500,1.0000,75.9940,75.9940,0.0000,0.0000
1,random,0.5000,0.0000,73.3447,73.3447,0.4907,0.4907
1,random,0.5000,0.1000,73.6140,73.6124,0.4408,0.4411
1,random,0.5000,0.2500,74.0160,74.0058,0.3664,0.3683
1,random,0.5000,0.5000,74.6812,74.6822,0.2432,0.2430
1,random,0.5000,1.0000,75.9940,75.9940,0.0000,0.0000
2,uncertainty,0.1000,0.0000,73.1383,73.1383,0.4748,0.4748
2,uncertainty,0.1000,0.1000,73.4133,73.4206,0.4265,0.4253
2,uncertainty,0.1000,0.2500,73.8239,73.8262,0.3545,0.3541
2,uncertainty,0.1000,0.5000,74.5031,74.5431,0.2352,0.2282
2,uncertainty,0.1000,1.0000,75.8431,75.8431,0.0000,0.0000
2,uncertainty,0.2500,0.0000,71.9865,71.9865,0.6770,0.6770
2,uncertainty,0.2500,0.1000,72.3816,72.4064,0.6076,0.6033
2,uncertainty,0.2500,0.2500,72.9700,72.9641,0.5043,0.5054
2,uncertainty,0.2500,0.5000,73.9403,73.9352,0.3340,0.3349
2,uncertainty,0.2500,1.0000,75.8431,75.8431,0.0000,0.0000
2,uncertainty,0.5000,0.0000,70.6929,70.6929,0.9041,0.9041
2,uncertainty,0.5000,0.1000,71.2248,71.2198,0.8107,0.8116
2,uncertainty,0.5000,0.2500,72.0152,72.0522,0.6720,0.6655
2,uncertainty,0.5000,0.5000,73.3135,73.3251,0.4441,0.4420
2,uncertainty,0.5000,1.0000,75.8431,75.8431,0.0000,0.0000
2,learned,0.1000,0.0000,73.3445,73.3445,0.4386,0.4386
2,learned,0.1000,0.1000,73.5982,73.6084,0.3941,0.3923
2,learned,0.1000,0.2500,73.9771,74.0105,0.3276,0.3217
2,learned,0.1000,0.5000,74.6043,74.6253,0.2175,0.2138
2,learned,0.1000,1.0000,75.8431,75.8431,0.0000,0.0000
2,learned,0.2500,0.0000,72.5307,72.5307,0.5815,0.5815
2,learned,0.2500,0.1000,72.8689,72.8713,0.5221,0.5217
2,learned,0.2500,0.2500,73.3732,73.3889,0.4336,0.4308
2,learned,0.2500,0.5000,74.2059,74.1879,0.2874,0.2906
2,learned,0.2500,1.0000,75.8431,75.8431,0.0000,0.0000
2,learned,0.5000,0.0000,71.0769,71.0769,0.8367,0.8367
2,learned,0.5000,0.1000,71.5681,71.5398,0.7504,0.7554
2,learned,0.5000,0.2500,72.2985,72.2625,0.6222,0.6286
2,learned,0.5000,0.5000,73.4993,73.5046,0.4114,0.4105
2,learned,0.5000,1.0000,75.8431,75.8431,0.0000,0.0000
2,variability,0.1000,0.0000,74.6965,74.6965,0.2013,0.2013
2,variability,0.1000,0.1000,74.8120,74.8145,0.1810,0.1806
2,variability,0.1000,0.2500,74.9849,74.9688,0.1507,0.1535
2,variability,0.1000,0.5000,75.2722,75.2733,0.1002,0.1000
2,variability,0.1000,1.0000,75.8431,75.8431,0.0000,0.0000
2,variability,0.2500,0.0000,73.6898,73.6898,0.3780,0.3780
2,variability,0.2500,0.1000,73.9080,73.9214,0.3397,0.3373
2,variability,0.2500,0.2500,74.2341,74.2366,0.2825,0.2820
2,variability,0.2500,0.5000,74.7744,74.7712,0.1876,0.1882
2,variability,0.2500,1.0000,75.8431,75.8431,0.0000,0.0000
2,variability,0.5000,0.0000,71.2694,71.2694,0.8029,0.8029
2,variability,0.5000,0.1000,71.7400,71.7330,0.7203,0.7215
2,variability,0.5000,0.2500,72.4401,72.4397,0.5974,0.5974
2,variability,0.5000,0.5000,73.5921,73.5498,0.3951,0.4026
2,variability,0.5000,1.0000,75.8431,75.8431,0.0000,0.0000
2,random,0.1000,0.0000,75.2930,75.2930,0.0966,0.0966
2,random,0.1000,0.1000,75.3482,75.3446,0.0869,0.0875
2,random,0.1000,0.2500,75.4309,75.4286,0.0724,0.0728
2,random,0.1000,0.5000,75.5686,75.5688,0.0482,0.0482
2,random,0.1000,1.0000,75.8431,75.8431,0.0000,0.0000
2,random,0.2500,0.0000,74.4601,74.4601,0.2428,0.2428
2,random,0.2500,0.1000,74.5995,74.6122,0.2183,0.2161
2,random,0.2500,0.2500,74.8083,74.8071,0.1817,0.1819
2,random,0.2500,0.5000,75.1548,75.1460,0.1208,0.1224
2,random,0.2500,1.0000,75.8431,75.8431,0.0000,0.0000
2,random,0.5000,0.0000,73.0507,73.0507,0.4902,0.4902
2,random,0.5000,0.1000,73.3347,73.3455,0.4403,0.4384
2,random,0.5000,0.2500,73.7588,73.7533,0.3659,0.3669
2,random,0.5000,0.5000,74.4601,74.4211,0.2428,0.2496
2,random,0.5000,1.0000,75.8431,75.8431,0.0000,0.0000
3,uncertainty,0.1000,0.0000,76.0334,76.0334,0.4151,0.4151
3,uncertainty,0.1000,0.1000,76.4161,76.4240,0.3727,0.3718
3,uncertainty,0.1000,0.2500,76.9866,76.9453,0.3094,0.3140
3,uncertainty,0.1000,0.5000,77.9278,77.8766,0.2050,0.2107
3,uncertainty,0.1000,1.0000,79.7761,79.7761,0.0000,0.0000
3,uncertainty,0.2500,0.0000,74.0614,74.0614,0.6338,0.6338
3,uncertainty,0.2500,0.1000,74.6529,74.6994,0.5682,0.5631
3,uncertainty,0.2500,0.2500,75.5313,75.5632,0.4708,0.4673
3,uncertainty,0.2500,0.5000,76.9727,76.9919,0.3109,0.3088
3,uncertainty,0.2500,1.0000,79.7761,79.7761,0.0000,0.0000
3,uncertainty,0.5000,0.0000,71.6375,71.6375,0.9027,0.9027
3,uncertainty,0.5000,0.1000,72.4937,72.4748,0.8077,0.8098
3,uncertainty,0.5000,0.2500,73.7587,73.7781,0.6674,0.6653
3,uncertainty,0.5000,0.5000,75.8189,75.7992,0.4389,0.4411
3,uncertainty,0.5000,1.0000,79.7761,79.7761,0.0000,0.0000
3,learned,0.1000,0.0000,76.4573,76.4573,0.3681,0.3681
3,learned,0.1000,0.1000,76.7960,76.8033,0.3305,0.3297
3,learned,0.1000,0.2500,77.3011,77.3438,0.2745,0.2698
3,learned,0.1000,0.5000,78.1353,78.1428,0.1820,0.1812
3,learned,0.1000,1.0000,79.7761,79.7761,0.0000,0.0000
3,learned,0.2500,0.0000,73.7390,73.7390,0.6696,0.6696
3,learned,0.2500,0.1000,74.3653,74.3754,0.6001,0.5990
3,learned,0.2500,0.2500,75.2948,75.2679,0.4970,0.5000
3,learned,0.2500,0.5000,76.8183,76.8581,0.3281,0.3236
3,learned,0.2500,1.0000,79.7761,79.7761,0.0000,0.0000
3,learned,0.5000,0.0000,71.9446,71.9446,0.8686,0.8686
3,learned,0.5000,0.1000,72.7672,72.7656,0.7774,0.7776
3,learned,0.5000,0.2500,73.9832,73.9470,0.6425,0.6465
3,learned,0.5000,0.5000,75.9650,75.9116,0.4227,0.4286
3,learned,0.5000,1.0000,79.7761,79.7761,0.0000,0.0000
3,variability,0.1000,0.0000,78.3086,78.3086,0.1628,0.1628
3,variability,0.1000,0.1000,78.4566,78.4306,0.1463,0.1492
3,variability,0.1000,0.2500,78.6782,78.7080,0.1218,0.1185
3,variability,0.1000,0.5000,79.0459,79.0004,0.0810,0.0860
3,variability,0.1000,1.0000,79.7761,79.7761,0.0000,0.0000
3,variability,0.2500,0.0000,76.1227,76.1227,0.4052,0.4052
3,variability,0.2500,0.1000,76.4963,76.4820,0.3638,0.3654
3,variability,0.2500,0.2500,77.0531,77.0430,0.3020,0.3031
3,variability,0.2500,0.5000,77.9718,77.9616,0.2001,0.2012
3,variability,0.2500,1.0000,79.7761,79.7761,0.0000,0.0000
3,variability,0.5000,0.0000,72.6692,72.6692,0.7883,0.7883
3,variability,0.5000,0.1000,73.4117,73.4530,0.7059,0.7013
3,variability,0.5000,0.2500,74.5112,74.4837,0.5839,0.5870
3,variability,0.5000,0.5000,76.3075,76.3499,0.3847,0.3800
3,variability,0.5000,1.0000,79.7761,79.7761,0.0000,0.0000
3,random,0.1000,0.0000,78.9227,78.9227,0.0947,0.0947
3,random,0.1000,0.1000,79.0085,79.0109,0.0851,0.0849
3,random,0.1000,0.2500,79.1370,79.1404,0.0709,0.0705
3,random,0.1000,0.5000,79.3506,79.3515,0.0472,0.0471
3,random,0.1000,1.0000,79.7761,79.7761,0.0000,0.0000
3,random,0.2500,0.0000,77.6244,77.6244,0.2386,0.2386
3,random,0.2500,0.1000,77.8424,77.8396,0.2145,0.2148
3,random,0.2500,0.2500,78.1681,78.1631,0.1783,0.1789
3,random,0.2500,0.5000,78.7079,78.7240,0.1185,0.1167
3,random,0.2500,1.0000,79.7761,79.7761,0.0000,0.0000
3,random,0.5000,0.0000,75.4090,75.4090,0.4844,0.4844
3,random,0.5000,0.1000,75.8575,75.8478,0.4346,0.4357
3,random,0.5000,0.2500,76.5251,76.5290,0.3606,0.3601
3,random,0.5000,0.5000,77.6244,77.6320,0.2386,0.2378
3,random,0.5000,1.0000,79.7761,79.7761,0.0000,0.0000
4,uncertainty,0.1000,0.0000,73.1906,73.1906,0.5225,0.5225
4,uncertainty,0.1000,0.1000,73.4180,73.4039,0.4695,0.4728
4,uncertainty,0.1000,0.2500,73.7579,73.7729,0.3904,0.3869
4,uncertainty,0.1000,0.5000,74.3209,74.2843,0.2593,0.2678
4,uncertainty,0.1000,1.0000,75.4340,75.4340,0.0000,0.0000
4,uncertainty,0.2500,0.0000,72.2253,72.2253,0.7474,0.7474
4,uncertainty,0.2500,0.1000,72.5528,72.5653,0.6711,0.6682
4,uncertainty,0.2500,0.2500,73.0412,72.9982,0.5573,0.5673
4,uncertainty,0.2500,0.5000,73.8478,73.8327,0.3695,0.3730
4,uncertainty,0.2500,1.0000,75.4340,75.4340,0.0000,0.0000
4,uncertainty,0.5000,0.0000,71.3565,71.3565,0.9497,0.9497
4,uncertainty,0.5000,0.1000,71.7749,71.7432,0.8522,0.8596
4,uncertainty,0.5000,0.2500,72.3980,72.4562,0.7071,0.6936
4,uncertainty,0.5000,0.5000,73.4243,73.3712,0.4681,0.4805
4,uncertainty,0.5000,1.0000,75.4340,75.4340,0.0000,0.0000
4,learned,0.1000,0.0000,73.5237,73.5237,0.4449,0.4449
4,learned,0.1000,0.1000,73.7170,73.7377,0.3999,0.3951
4,learned,0.1000,0.2500,74.0060,73.9969,0.3326,0.3347
4,learned,0.1000,0.5000,74.4851,74.5022,0.2210,0.2170
4,learned,0.1000,1.0000,75.4340,75.4340,0.0000,0.0000
4,learned,0.2500,0.0000,72.3992,72.3992,0.7068,0.7068
4,learned,0.2500,0.1000,72.7085,72.7033,0.6348,0.6360
4,learned,0.2500,0.2500,73.1699,73.1465,0.5273,0.5328
4,learned,0.2500,0.5000,73.9324,73.9833,0.3497,0.3379
4,learned,0.2500,1.0000,75.4340,75.4340,0.0000,0.0000
4,learned,0.5000,0.0000,71.8503,71.8503,0.8347,0.8347
4,learned,0.5000,0.1000,72.2168,72.2167,0.7493,0.7494
4,learned,0.5000,0.2500,72.7631,72.7873,0.6221,0.6164
4,learned,0.5000,0.5000,73.6644,73.6774,0.4122,0.4091
4,learned,0.5000,1.0000,75.4340,75.4340,0.0000,0.0000
4,variability,0.1000,0.0000,74.4778,74.4778,0.2227,0.2227
4,variability,0.1000,0.1000,74.5741,74.5792,0.2003,0.1991
4,variability,0.1000,0.2500,74.7182,74.7127,0.1667,0.1680
4,variability,0.1000,0.5000,74.9577,74.9584,0.1109,0.1108
4,variability,0.1000,1.0000,75.4340,75.4340,0.0000,0.0000
4,variability,0.2500,0.0000,73.7026,73.7026,0.4033,0.4033
4,variability,0.2500,0.1000,73.8777,73.8855,0.3625,0.3607
4,variability,0.2500,0.2500,74.1395,74.1037,0.3015,0.3099
4,variability,0.2500,0.5000,74.5737,74.5760,0.2004,0.1998
4,variability,0.2500,1.0000,75.4340,75.4340,0.0000,0.0000
4,variability,0.5000,0.0000,71.4714,71.4714,0.9229,0.9229
4,variability,0.5000,0.1000,71.8779,71.9056,0.8283,0.8218
4,variability,0.5000,0.2500,72.4830,72.5240,0.6873,0.6778
4,variability,0.5000,0.5000,73.4803,73.4697,0.4551,0.4575
4,variability,0.5000,1.0000,75.4340,75.4340,0.0000,0.0000
4,random,0.1000,0.0000,75.0160,75.0160,0.0974,0.0974
4,random,0.1000,0.1000,75.0579,75.0593,0.0876,0.0873
4,random,0.1000,0.2500,75.1207,75.1194,0.0730,0.0733
4,random,0.1000,0.5000,75.2253,75.2198,0.0486,0.0499
4,random,0.1000,1.0000,75.4340,75.4340,0.0000,0.0000
4,random,0.2500,0.0000,74.3845,74.3845,0.2444,0.2444
4,random,0.2500,0.1000,74.4902,74.4901,0.2198,0.2198
4,random,0.2500,0.2500,74.6483,74.6425,0.1830,0.1844
4,random,0.2500,0.5000,74.9111,74.9190,0.1218,0.1200
4,random,0.2500,1.0000,75.4340,75.4340,0.0000,0.0000
4,random,0.5000,0.0000,73.3196,73.3196,0.4925,0.4925
4,random,0.5000,0.1000,73.5339,73.5236,0.4426,0.4450
4,random,0.5000,0.2500,73.8541,73.8395,0.3680,0.3714
4,random,0.5000,0.5000,74.3845,74.3642,0.2444,0.2492
4,random,0.5000,1.0000,75.4340,75.4340,0.0000,0.0000
