gate,budget_target,outage_fraction,share_kept_independent,share_kept_day_block
learned,0.1000,0.0000,0.4281,0.4281
learned,0.1000,0.1000,0.3846,0.3839
learned,0.1000,0.2500,0.3197,0.3193
learned,0.1000,0.5000,0.2122,0.2088
learned,0.1000,1.0000,0.0000,0.0000
learned,0.2500,0.0000,0.6493,0.6493
learned,0.2500,0.1000,0.5828,0.5819
learned,0.2500,0.2500,0.4837,0.4835
learned,0.2500,0.5000,0.3203,0.3217
learned,0.2500,1.0000,0.0000,0.0000
learned,0.5000,0.0000,0.8550,0.8550
learned,0.5000,0.1000,0.7666,0.7665
learned,0.5000,0.2500,0.6353,0.6362
learned,0.5000,0.5000,0.4198,0.4207
learned,0.5000,1.0000,0.0000,0.0000
random,0.1000,0.0000,0.0963,0.0963
random,0.1000,0.1000,0.0867,0.0869
random,0.1000,0.2500,0.0722,0.0722
random,0.1000,0.5000,0.0481,0.0483
random,0.1000,1.0000,0.0000,0.0000
random,0.2500,0.0000,0.2423,0.2423
random,0.2500,0.1000,0.2178,0.2175
random,0.2500,0.2500,0.1813,0.1817
random,0.2500,0.5000,0.1205,0.1205
random,0.2500,1.0000,0.0000,0.0000
random,0.5000,0.0000,0.4895,0.4895
random,0.5000,0.1000,0.4396,0.4398
random,0.5000,0.2500,0.3652,0.3663
random,0.5000,0.5000,0.2423,0.2447
random,0.5000,1.0000,0.0000,0.0000
uncertainty,0.1000,0.0000,0.4745,0.4745
uncertainty,0.1000,0.1000,0.4263,0.4268
uncertainty,0.1000,0.2500,0.3542,0.3557
uncertainty,0.1000,0.5000,0.2350,0.2348
uncertainty,0.1000,1.0000,0.0000,0.0000
uncertainty,0.2500,0.0000,0.6878,0.6878
uncertainty,0.2500,0.1000,0.6173,0.6149
uncertainty,0.2500,0.2500,0.5122,0.5143
uncertainty,0.2500,0.5000,0.3391,0.3431
uncertainty,0.2500,1.0000,0.0000,0.0000
uncertainty,0.5000,0.0000,0.9039,0.9039
uncertainty,0.5000,0.1000,0.8103,0.8111
uncertainty,0.5000,0.2500,0.6714,0.6684
uncertainty,0.5000,0.5000,0.4435,0.4445
uncertainty,0.5000,1.0000,0.0000,0.0000
variability,0.1000,0.0000,0.2046,0.2046
variability,0.1000,0.1000,0.1840,0.1842
variability,0.1000,0.2500,0.1531,0.1545
variability,0.1000,0.5000,0.1019,0.1040
variability,0.1000,1.0000,0.0000,0.0000
variability,0.2500,0.0000,0.3948,0.3948
variability,0.2500,0.1000,0.3547,0.3533
variability,0.2500,0.2500,0.2948,0.2965
variability,0.2500,0.5000,0.1957,0.1956
variability,0.2500,1.0000,0.0000,0.0000
variability,0.5000,0.0000,0.8249,0.8249
variability,0.5000,0.1000,0.7399,0.7388
variability,0.5000,0.2500,0.6134,0.6130
variability,0.5000,0.5000,0.4055,0.4026
variability,0.5000,1.0000,0.0000,0.0000
