seed,budget_target,gate_a,gate_b,point,lo,hi,includes_zero
0,0.1000,uncertainty,learned,-0.0505,-0.6510,0.5408,True
0,0.1000,uncertainty,variability,-1.3660,-2.7075,-0.1262,False
0,0.1000,learned,variability,-1.3155,-2.6892,-0.0521,False
0,0.1000,uncertainty,random,-1.8443,-3.1930,-0.5711,False
0,0.1000,learned,random,-1.7938,-3.1461,-0.4840,False
0,0.1000,variability,random,-0.4783,-1.3554,0.3527,True
0,0.1000,variability,fixed_interval,-0.5811,-1.4566,0.2293,True
0,0.2500,uncertainty,learned,-0.3231,-1.0107,0.3275,True
0,0.2500,uncertainty,variability,-1.8087,-3.1393,-0.6648,False
0,0.2500,learned,variability,-1.4856,-2.8586,-0.3151,False
0,0.2500,uncertainty,random,-2.2117,-3.7474,-0.8370,False
0,0.2500,learned,random,-1.8887,-3.3880,-0.4581,False
0,0.2500,variability,random,-0.4030,-1.5086,0.6567,True
0,0.2500,variability,fixed_interval,-0.3641,-1.5337,0.7799,True
0,0.5000,uncertainty,learned,0.0999,-0.5077,0.6708,True
0,0.5000,uncertainty,variability,-0.7149,-1.0951,-0.3904,False
0,0.5000,learned,variability,-0.8147,-1.5086,-0.1173,False
0,0.5000,uncertainty,random,-2.1324,-3.2421,-1.1067,False
0,0.5000,learned,random,-2.2323,-3.3745,-1.1765,False
0,0.5000,variability,random,-1.4176,-2.4934,-0.4336,False
0,0.5000,variability,fixed_interval,-1.5798,-2.6359,-0.5970,False
1,0.1000,uncertainty,learned,-0.3387,-0.9165,0.1836,True
1,0.1000,uncertainty,variability,-1.5646,-2.9408,-0.3863,False
1,0.1000,learned,variability,-1.2258,-2.4752,-0.1703,False
1,0.1000,uncertainty,random,-2.4337,-3.8571,-1.1604,False
1,0.1000,learned,random,-2.0949,-3.3972,-0.8513,False
1,0.1000,variability,random,-0.8691,-1.6913,-0.0284,False
1,0.1000,variability,fixed_interval,-0.8011,-1.6366,0.0595,True
1,0.2500,uncertainty,learned,-0.1976,-0.8339,0.3879,True
1,0.2500,uncertainty,variability,-1.5294,-2.9335,-0.3321,False
1,0.2500,learned,variability,-1.3318,-2.7005,-0.1444,False
1,0.2500,uncertainty,random,-2.7858,-4.2132,-1.4319,False
1,0.2500,learned,random,-2.5882,-4.0452,-1.1845,False
1,0.2500,variability,random,-1.2564,-2.2872,-0.2831,False
1,0.2500,variability,fixed_interval,-1.4192,-2.5382,-0.3724,False
1,0.5000,uncertainty,learned,-0.2432,-0.6348,0.1002,True
1,0.5000,uncertainty,variability,-0.1605,-0.4092,0.1063,True
1,0.5000,learned,variability,0.0827,-0.3524,0.5679,True
1,0.5000,uncertainty,random,-2.2511,-3.2910,-1.2531,False
1,0.5000,learned,random,-2.0079,-3.0582,-0.9606,False
1,0.5000,variability,random,-2.0906,-3.1289,-1.1081,False
1,0.5000,variability,fixed_interval,-2.1480,-3.1473,-1.1916,False
2,0.1000,uncertainty,learned,-0.2062,-0.8802,0.4354,True
2,0.1000,uncertainty,variability,-1.5582,-3.0071,-0.2313,False
2,0.1000,learned,variability,-1.3520,-2.7954,-0.0248,False
2,0.1000,uncertainty,random,-2.1547,-3.4328,-0.9247,False
2,0.1000,learned,random,-1.9485,-3.1367,-0.8654,False
2,0.1000,variability,random,-0.5964,-1.3239,0.1520,True
2,0.1000,variability,fixed_interval,-0.6378,-1.3742,0.1259,True
2,0.2500,uncertainty,learned,-0.5441,-1.2685,0.1862,True
2,0.2500,uncertainty,variability,-1.7033,-3.0699,-0.4251,False
2,0.2500,learned,variability,-1.1592,-2.5555,0.0908,True
2,0.2500,uncertainty,random,-2.4735,-3.8574,-1.1474,False
2,0.2500,learned,random,-1.9294,-3.0820,-0.7772,False
2,0.2500,variability,random,-0.7703,-1.7548,0.1778,True
2,0.2500,variability,fixed_interval,-0.7240,-1.8068,0.3336,True
2,0.5000,uncertainty,learned,-0.3840,-0.8080,0.0130,True
2,0.5000,uncertainty,variability,-0.5764,-0.9178,-0.2833,False
2,0.5000,learned,variability,-0.1925,-0.6924,0.3406,True
2,0.5000,uncertainty,random,-2.3577,-3.4137,-1.3985,False
2,0.5000,learned,random,-1.9738,-2.8912,-1.0260,False
2,0.5000,variability,random,-1.7813,-2.7479,-0.8492,False
2,0.5000,variability,fixed_interval,-1.9025,-2.8132,-0.9856,False
3,0.1000,uncertainty,learned,-0.4239,-1.0595,0.1629,True
3,0.1000,uncertainty,variability,-2.2752,-3.6556,-1.0557,False
3,0.1000,learned,variability,-1.8513,-3.2429,-0.6077,False
3,0.1000,uncertainty,random,-2.8894,-4.4850,-1.3674,False
3,0.1000,learned,random,-2.4654,-4.0758,-0.8763,False
3,0.1000,variability,random,-0.6142,-1.5610,0.3295,True
3,0.1000,variability,fixed_interval,-0.6502,-1.5983,0.3133,True
3,0.2500,uncertainty,learned,0.3224,-0.3402,0.9512,True
3,0.2500,uncertainty,variability,-2.0613,-3.3953,-0.8775,False
3,0.2500,learned,variability,-2.3837,-3.7254,-1.1825,False
3,0.2500,uncertainty,random,-3.5630,-5.1078,-2.0488,False
3,0.2500,learned,random,-3.8854,-5.4953,-2.3437,False
3,0.2500,variability,random,-1.5017,-2.6296,-0.3787,False
3,0.2500,variability,fixed_interval,-1.5238,-2.7518,-0.2934,False
3,0.5000,uncertainty,learned,-0.3071,-0.7542,0.1232,True
3,0.5000,uncertainty,variability,-1.0317,-1.5428,-0.5308,False
3,0.5000,learned,variability,-0.7245,-1.3778,-0.0277,False
3,0.5000,uncertainty,random,-3.7715,-4.9977,-2.5444,False
3,0.5000,learned,random,-3.4644,-4.6827,-2.2720,False
3,0.5000,variability,random,-2.7398,-3.8601,-1.6487,False
3,0.5000,variability,fixed_interval,-2.9232,-4.1300,-1.7966,False
4,0.1000,uncertainty,learned,-0.3331,-1.0016,0.2987,True
4,0.1000,uncertainty,variability,-1.2872,-2.7651,0.0316,True
4,0.1000,learned,variability,-0.9541,-2.3315,0.3177,True
4,0.1000,uncertainty,random,-1.8255,-3.2281,-0.6322,False
4,0.1000,learned,random,-1.4923,-2.8026,-0.2658,False
4,0.1000,variability,random,-0.5382,-1.3732,0.3478,True
4,0.1000,variability,fixed_interval,-0.6825,-1.4949,0.2097,True
4,0.2500,uncertainty,learned,-0.1740,-0.7722,0.3891,True
4,0.2500,uncertainty,variability,-1.4774,-2.9685,-0.2209,False
4,0.2500,learned,variability,-1.3034,-2.7400,-0.1104,False
4,0.2500,uncertainty,random,-2.1593,-3.5398,-0.8304,False
4,0.2500,learned,random,-1.9853,-3.4108,-0.5584,False
4,0.2500,variability,random,-0.6819,-1.7436,0.3578,True
4,0.2500,variability,fixed_interval,-0.8744,-2.0406,0.2259,True
4,0.5000,uncertainty,learned,-0.4938,-0.8160,-0.2122,False
4,0.5000,uncertainty,variability,-0.1150,-0.3976,0.1861,True
4,0.5000,learned,variability,0.3788,-0.0280,0.8782,True
4,0.5000,uncertainty,random,-1.9632,-3.0045,-0.9270,False
4,0.5000,learned,random,-1.4694,-2.5714,-0.3347,False
4,0.5000,variability,random,-1.8482,-2.8458,-0.9097,False
4,0.5000,variability,fixed_interval,-2.0209,-3.0304,-1.0867,False
