budget_target,gate_a,gate_b,point_mean,lo_mean,hi_mean,seeds_excluding_zero
0.1000,learned,random,-1.9590,-3.3117,-0.6686,5
0.1000,learned,variability,-1.3397,-2.7068,-0.1075,4
0.1000,uncertainty,learned,-0.2705,-0.9018,0.3243,0
0.1000,uncertainty,random,-2.2295,-3.6392,-0.9312,5
0.1000,uncertainty,variability,-1.6103,-3.0152,-0.3536,4
0.1000,variability,fixed_interval,-0.6705,-1.5121,0.1875,0
0.1000,variability,random,-0.6193,-1.4610,0.2307,1
0.2500,learned,random,-2.4554,-3.8843,-1.0644,5
0.2500,learned,variability,-1.5327,-2.9160,-0.3323,4
0.2500,uncertainty,learned,-0.1833,-0.8451,0.4484,0
0.2500,uncertainty,random,-2.6387,-4.0931,-1.2591,5
0.2500,uncertainty,variability,-1.7160,-3.1013,-0.5041,5
0.2500,variability,fixed_interval,-0.9811,-2.1342,0.1347,2
0.2500,variability,random,-0.9227,-1.9848,0.1061,2
0.5000,learned,random,-2.2295,-3.3156,-1.1540,5
0.5000,learned,variability,-0.2540,-0.7918,0.3283,2
0.5000,uncertainty,learned,-0.2657,-0.7041,0.1390,1
0.5000,uncertainty,random,-2.4952,-3.5898,-1.4459,5
0.5000,uncertainty,variability,-0.5197,-0.8725,-0.1824,3
0.5000,variability,fixed_interval,-2.1149,-3.1514,-1.1315,5
0.5000,variability,random,-1.9755,-3.0152,-0.9899,5
