seed,bin,n,mean_predicted_Wm2,mean_realised_Wm2
0,0,746,1.6040,9.1173
0,1,746,7.4978,13.0319
0,2,745,11.8342,17.8116
0,3,746,16.0946,20.2840
0,4,746,20.8033,26.0053
0,5,745,26.9557,30.9318
0,6,746,35.5350,38.6840
0,7,745,50.7228,53.5174
0,8,746,75.3224,83.6111
0,9,746,117.7420,123.6846
1,0,746,5.5209,11.8149
1,1,746,9.9646,13.8455
1,2,745,13.0734,15.5419
1,3,746,16.6475,18.3436
1,4,746,20.6734,21.7183
1,5,745,25.9885,24.0560
1,6,746,35.4909,37.8107
1,7,745,53.7530,56.3018
1,8,746,80.0243,83.8721
1,9,746,118.6755,124.3901
2,0,746,6.0810,11.1613
2,1,746,12.3059,13.2357
2,2,745,16.2508,17.1868
2,3,746,20.0569,20.4378
2,4,746,24.1677,24.3795
2,5,745,29.4791,28.3475
2,6,746,36.9407,36.9186
2,7,745,53.3392,57.1702
2,8,746,80.0150,79.2404
2,9,746,117.9326,120.7616
3,0,746,8.6729,15.7421
3,1,746,15.2972,14.9860
3,2,745,20.1383,18.2219
3,3,746,25.1524,20.2471
3,4,746,30.5907,27.5555
3,5,745,37.2671,34.9242
3,6,746,46.4490,47.9499
3,7,745,62.6179,66.8256
3,8,746,87.1321,83.8366
3,9,746,128.5279,131.0319
4,0,746,8.2734,16.1451
4,1,746,13.3798,13.7572
4,2,745,16.0111,13.4885
4,3,746,18.8839,15.1702
4,4,746,22.5000,19.0841
4,5,745,27.8060,25.6314
4,6,746,37.2448,36.4612
4,7,745,54.8968,55.0383
4,8,746,81.0587,81.8383
4,9,746,126.5634,122.8954
